player_name,minutes_played,season
,,
Jonas Wendlinger,720.0,20/21
Jonas Wendlinger,3476.0,18/19
Stijn Keller,4185.0,22/23
Stijn Keller,2790.0,21/22
Stijn Keller,720.0,20/21
Stijn Keller,1980.0,19/20
Stijn Keller,3150.0,18/19
Stijn Keller,2250.0,17/18
Joël van der Wilt,720.0,21/22
Ricardo Visus,2136.0,23/24
Ricardo Visus,1827.0,22/23
Ricardo Visus,878.0,21/22
Ricardo Visus,35.0,20/21
Joey Jacobs,4088.0,18/19
Joey Jacobs,5410.0,17/18
Joey Jacobs,2519.0,16/17
Joey Jacobs,1386.0,15/16
Théo Barbet,3738.0,22/23
Théo Barbet,0.0,21/22
Théo Barbet,1750.0,20/21
Théo Barbet,1988.0,19/20
Théo Barbet,2070.0,18/19
Théo Barbet,160.0,17/18
Marvin Martins,418.0,24/25
Marvin Martins,2604.0,23/24
Marvin Martins,4811.0,22/23
Marvin Martins,1502.0,21/22
Marvin Martins,2601.0,20/21
Marvin Martins,2141.0,19/20
Marvin Martins,3447.0,18/19
Marvin Martins,2435.0,17/18
Marvin Martins,1940.0,16/17
Marvin Martins,598.0,15/16
Marvin Martins,957.0,14/15
Marvin Martins,1620.0,13/14
James Lawrence,813.0,24/25
James Lawrence,1261.0,21/22
James Lawrence,1878.0,20/21
James Lawrence,1006.0,19/20
James Lawrence,3991.0,18/19
James Lawrence,3597.0,17/18
James Lawrence,3383.0,16/17
James Lawrence,1120.0,15/16
Christopher Mamengi,392.0,23/24
Christopher Mamengi,1766.0,22/23
Christopher Mamengi,1295.0,20/21
Christopher Mamengi,1967.0,19/20
Christopher Mamengi,1899.0,18/19
Christopher Mamengi,1467.0,17/18
Christopher Mamengi,1330.0,16/17
Vasilios Zagaritis,104.0,21/22
Vasilios Zagaritis,1110.0,20/21
Vasilios Zagaritis,2461.0,19/20
Hamdi Akujobi,600.0,21/22
Hamdi Akujobi,3764.0,18/19
Damil Dankerlui,77.0,24/25
Damil Dankerlui,1680.0,23/24
Damil Dankerlui,1032.0,22/23
Damil Dankerlui,1752.0,21/22
Damil Dankerlui,2538.0,20/21
Damil Dankerlui,956.0,19/20
Damil Dankerlui,1492.0,17/18
Damil Dankerlui,3041.0,16/17
Damil Dankerlui,4309.0,14/15
Damil Dankerlui,617.0,13/14
Thom Haye,3387.0,23/24
Thom Haye,3237.0,20/21
Thom Haye,3205.0,15/16
Thom Haye,2907.0,14/15
Thom Haye,1986.0,13/14
Thom Haye,1529.0,12/13
Tim Receveur,444.0,15/16
Tim Receveur,3022.0,14/15
Jochem Ritmeester van de Kamp,1865.0,24/25
Jochem Ritmeester van de Kamp,3184.0,22/23
Jochem Ritmeester van de Kamp,2733.0,21/22
Anas Tahiri,1688.0,21/22
Anas Tahiri,1640.0,19/20
Anas Tahiri,283.0,13/14
Àlex Carbonell,5404.0,22/23
Àlex Carbonell,5528.0,21/22
Àlex Carbonell,474.0,20/21
Àlex Carbonell,963.0,19/20
Àlex Carbonell,1362.0,17/18
Àlex Carbonell,1841.0,16/17
Àlex Carbonell,467.0,15/16
Álex Balboa,412.0,24/25
Álex Balboa,530.0,23/24
Álex Balboa,773.0,22/23
Álex Balboa,498.0,21/22
Álex Balboa,2050.0,20/21
Álex Balboa,0.0,19/20
Adi Nalic,421.0,23/24
Adi Nalic,1474.0,22/23
Adi Nalic,815.0,21/22
Adi Nalic,2206.0,20/21
Adi Nalic,1343.0,19/20
Adi Nalic,1677.0,18/19
Adi Nalic,180.0,13/14
Junior Kadile,1493.0,22/23
Junior Kadile,2159.0,21/22
Junior Kadile,672.0,19/20
Junior Kadile,355.0,18/19
Jasim,324.0,24/25
Jasim,2994.0,23/24
Ruben Providence,474.0,24/25
Ruben Providence,1521.0,23/24
Ruben Providence,1351.0,22/23
Ruben Providence,168.0,21/22
Ruben Providence,1231.0,20/21
Ruben Providence,1305.0,19/20
Ruben Providence,2784.0,18/19
Faiz Mattoir,340.0,24/25
Faiz Mattoir,68.0,23/24
Faiz Mattoir,380.0,22/23
Faiz Mattoir,1532.0,21/22
Faiz Mattoir,768.0,20/21
Faiz Mattoir,1952.0,19/20
Baptiste Guillaume,324.0,24/25
Baptiste Guillaume,1434.0,18/19
Baptiste Guillaume,787.0,15/16
Thomas Robinet,2366.0,22/23
Thomas Robinet,1368.0,16/17
Thomas Robinet,4544.0,15/16
Thomas Robinet,90.0,14/15
Kornelius Hansen,470.0,22/23
Kornelius Hansen,2060.0,21/22
Kornelius Hansen,2174.0,20/21
Kornelius Hansen,2475.0,19/20
Kornelius Hansen,1519.0,18/19
Kornelius Hansen,1912.0,17/18
Kornelius Hansen,945.0,16/17
Charles-Andreas Brym,1513.0,23/24
Charles-Andreas Brym,2970.0,22/23
Charles-Andreas Brym,2371.0,21/22
Charles-Andreas Brym,481.0,20/21
Charles-Andreas Brym,2329.0,19/20
Matheus,3826.0,24/25
Matheus,4920.0,23/24
Matheus,4704.0,22/23
Matheus,5160.0,21/22
Matheus,4590.0,20/21
Matheus,4410.0,19/20
Matheus,630.0,18/19
Matheus,5550.0,17/18
Matheus,1676.0,16/17
Matheus,3360.0,15/16
Matheus,2070.0,14/15
Matheus,3240.0,13/14
Matheus,6208.0,12/13
Jay Gorter,0.0,24/25
Jay Gorter,1386.0,23/24
Jay Gorter,900.0,22/23
Jay Gorter,1845.0,21/22
Jay Gorter,810.0,19/20
Jay Gorter,2614.0,18/19
Jay Gorter,450.0,17/18
Jay Gorter,340.0,16/17
Remko Pasveer,5070.0,24/25
Remko Pasveer,0.0,23/24
Remko Pasveer,2160.0,22/23
Remko Pasveer,2520.0,21/22
Remko Pasveer,1080.0,18/19
Remko Pasveer,3660.0,17/18
Remko Pasveer,1380.0,14/15
Josip Sutalo,4865.0,24/25
Josip Sutalo,4719.0,23/24
Josip Sutalo,4162.0,22/23
Josip Sutalo,4425.0,21/22
Josip Sutalo,3685.0,20/21
Josip Sutalo,1862.0,19/20
Josip Sutalo,1920.0,18/19
Josip Sutalo,559.0,16/17
Ahmetcan Kaplan,818.0,24/25
Ahmetcan Kaplan,2328.0,23/24
Ahmetcan Kaplan,0.0,22/23
Ahmetcan Kaplan,2134.0,21/22
Ahmetcan Kaplan,1408.0,20/21
Youri Baas,4449.0,24/25
Youri Baas,2147.0,23/24
Youri Baas,1116.0,22/23
Youri Baas,2009.0,21/22
Youri Baas,1955.0,20/21
Youri Baas,2358.0,19/20
Youri Baas,785.0,18/19
Daniele Rugani,1346.0,24/25
Daniele Rugani,743.0,22/23
Daniele Rugani,1711.0,18/19
Daniele Rugani,2495.0,17/18
Daniele Rugani,2188.0,16/17
Daniele Rugani,1943.0,15/16
Daniele Rugani,3960.0,14/15
Daniele Rugani,4264.0,13/14
Daniele Rugani,5181.0,12/13
Janse,2278.0,24/25
Janse,5125.0,23/24
Janse,5150.0,22/23
Janse,1402.0,21/22
Jorrel Hato,4663.0,24/25
Jorrel Hato,5689.0,23/24
Jorrel Hato,4354.0,22/23
Jorrel Hato,3804.0,21/22
Owen Wijndal,420.0,24/25
Owen Wijndal,3454.0,23/24
Owen Wijndal,1811.0,22/23
Owen Wijndal,4470.0,21/22
Owen Wijndal,5378.0,20/21
Owen Wijndal,5170.0,19/20
Owen Wijndal,2579.0,18/19
Owen Wijndal,2818.0,17/18
Owen Wijndal,3510.0,16/17
Owen Wijndal,2554.0,15/16
Anton Gaaei,2248.0,24/25
Anton Gaaei,3639.0,23/24
Anton Gaaei,3644.0,22/23
Anton Gaaei,2511.0,21/22
Anton Gaaei,1991.0,20/21
Lucas Rosa,2289.0,24/25
Lucas Rosa,1535.0,22/23
Lucas Rosa,2628.0,21/22
Lucas Rosa,1038.0,20/21
Lucas Rosa,2146.0,19/20
Lucas Rosa,1037.0,18/19
Mokio,1947.0,24/25
Mokio,850.0,23/24
Kenneth Taylor,3802.0,24/25
Kenneth Taylor,5422.0,23/24
Kenneth Taylor,3989.0,22/23
Kenneth Taylor,2206.0,21/22
Kenneth Taylor,2627.0,20/21
Kenneth Taylor,2373.0,19/20
Kenneth Taylor,6190.0,18/19
Kenneth Taylor,4077.0,17/18
Branco van den Boomen,1570.0,24/25
Branco van den Boomen,1586.0,23/24
Branco van den Boomen,2715.0,20/21
Branco van den Boomen,3401.0,14/15
Branco van den Boomen,1523.0,13/14
Branco van den Boomen,1587.0,12/13
Youri Regeer,2543.0,24/25
Youri Regeer,2709.0,23/24
Youri Regeer,2168.0,22/23
Youri Regeer,2714.0,21/22
Youri Regeer,3209.0,20/21
Youri Regeer,2764.0,19/20
Youri Regeer,4842.0,18/19
Kian Fitz-Jim,3196.0,24/25
Kian Fitz-Jim,2160.0,23/24
Kian Fitz-Jim,2628.0,22/23
Kian Fitz-Jim,3016.0,21/22
Kian Fitz-Jim,1604.0,20/21
Kian Fitz-Jim,3183.0,19/20
Kian Fitz-Jim,2213.0,18/19
Davy Klaassen,1709.0,24/25
Davy Klaassen,539.0,23/24
Davy Klaassen,3135.0,22/23
Davy Klaassen,2594.0,21/22
Davy Klaassen,5429.0,20/21
Davy Klaassen,1372.0,17/18
Davy Klaassen,6659.0,16/17
Davy Klaassen,4508.0,15/16
Davy Klaassen,4358.0,14/15
Davy Klaassen,3794.0,13/14
Davy Klaassen,311.0,12/13
Jordan Henderson,3604.0,24/25
Jordan Henderson,3083.0,23/24
Jordan Henderson,2938.0,22/23
Jordan Henderson,4239.0,21/22
Jordan Henderson,2593.0,20/21
Jordan Henderson,3381.0,19/20
Jordan Henderson,3528.0,18/19
Jordan Henderson,4117.0,17/18
Jordan Henderson,3139.0,16/17
Jordan Henderson,2710.0,15/16
Jordan Henderson,5534.0,14/15
Jordan Henderson,3954.0,13/14
Jordan Henderson,4077.0,12/13
Mika Godts,2624.0,24/25
Mika Godts,1968.0,23/24
Mika Godts,2679.0,22/23
Mika Godts,651.0,21/22
Oliver Edvardsen,1390.0,24/25
Oliver Edvardsen,2469.0,23/24
Amourricho Van Axel-Dongen,290.0,23/24
Amourricho Van Axel-Dongen,1318.0,21/22
Amourricho Van Axel-Dongen,352.0,20/21
Amourricho Van Axel-Dongen,1538.0,19/20
Bertrand Traoré,2914.0,24/25
Bertrand Traoré,969.0,23/24
Bertrand Traoré,1723.0,22/23
Bertrand Traoré,1013.0,21/22
Bertrand Traoré,2743.0,20/21
Bertrand Traoré,2363.0,19/20
Bertrand Traoré,2901.0,18/19
Bertrand Traoré,4133.0,17/18
Bertrand Traoré,5529.0,16/17
Bertrand Traoré,1007.0,15/16
Bertrand Traoré,3518.0,14/15
Bertrand Traoré,1032.0,13/14
Steven Berghuis,2010.0,24/25
Steven Berghuis,2817.0,23/24
Steven Berghuis,3622.0,22/23
Steven Berghuis,3714.0,21/22
Steven Berghuis,4977.0,20/21
Steven Berghuis,4241.0,19/20
Steven Berghuis,3798.0,18/19
Steven Berghuis,3725.0,17/18
Steven Berghuis,2915.0,16/17
Steven Berghuis,484.0,15/16
Steven Berghuis,1897.0,14/15
Steven Berghuis,3390.0,13/14
Steven Berghuis,2431.0,12/13
Christian Rasmussen,1297.0,24/25
Christian Rasmussen,2510.0,23/24
Christian Rasmussen,2373.0,22/23
Christian Rasmussen,3333.0,21/22
Christian Rasmussen,975.0,20/21
Christian Rasmussen,2948.0,19/20
Christian Rasmussen,403.0,18/19
Brian Brobbey,2505.0,24/25
Brian Brobbey,4337.0,23/24
Brian Brobbey,2536.0,22/23
Brian Brobbey,1261.0,21/22
Brian Brobbey,1691.0,20/21
Brian Brobbey,1297.0,19/20
Brian Brobbey,6281.0,18/19
Brian Brobbey,4253.0,17/18
Brian Brobbey,767.0,16/17
Wout Weghorst,1351.0,24/25
Wout Weghorst,2362.0,23/24
Wout Weghorst,4269.0,22/23
Wout Weghorst,3591.0,21/22
Wout Weghorst,4167.0,20/21
Wout Weghorst,4472.0,19/20
Wout Weghorst,3145.0,18/19
Wout Weghorst,3322.0,17/18
Wout Weghorst,3907.0,16/17
Wout Weghorst,1501.0,13/14
Rome Jayden Owusu-Oduro,3810.0,24/25
Rome Jayden Owusu-Oduro,2580.0,23/24
Rome Jayden Owusu-Oduro,2250.0,22/23
Rome Jayden Owusu-Oduro,4022.0,21/22
Rome Jayden Owusu-Oduro,720.0,20/21
Rome Jayden Owusu-Oduro,90.0,19/20
Jeroen Zoet,630.0,24/25
Jeroen Zoet,3630.0,19/20
Jeroen Zoet,4080.0,18/19
Jeroen Zoet,3809.0,17/18
Jeroen Zoet,3780.0,16/17
Jeroen Zoet,4107.0,15/16
Jeroen Zoet,4599.0,14/15
Jeroen Zoet,3922.0,13/14
Jeroen Zoet,3863.0,12/13
Hobie Verhulst,360.0,24/25
Hobie Verhulst,540.0,23/24
Hobie Verhulst,3960.0,22/23
Hobie Verhulst,990.0,21/22
Hobie Verhulst,453.0,20/21
Hobie Verhulst,1170.0,13/14
Hobie Verhulst,1350.0,12/13
Sem Westerveld,180.0,23/24
Sem Westerveld,1170.0,22/23
Sem Westerveld,2070.0,21/22
Sem Westerveld,0.0,19/20
Sem Westerveld,2366.0,18/19
Daniël Virginio Deen,990.0,24/25
Daniël Virginio Deen,540.0,23/24
Daniël Virginio Deen,720.0,22/23
Daniël Virginio Deen,180.0,21/22
Daniël Virginio Deen,270.0,20/21
Daniël Virginio Deen,1710.0,19/20
Daniël Virginio Deen,170.0,18/19
Wouter Goes,2788.0,24/25
Wouter Goes,2402.0,23/24
Wouter Goes,4218.0,22/23
Wouter Goes,5565.0,21/22
Wouter Goes,540.0,20/21
Wouter Goes,2002.0,19/20
Alexandre Penetra,3814.0,24/25
Alexandre Penetra,2888.0,23/24
Alexandre Penetra,3675.0,22/23
Alexandre Penetra,3195.0,21/22
Alexandre Penetra,2688.0,20/21
Alexandre Penetra,90.0,18/19
Maxim Dekker,1199.0,24/25
Maxim Dekker,2290.0,23/24
Maxim Dekker,2612.0,22/23
Maxim Dekker,4973.0,21/22
Maxim Dekker,727.0,20/21
Bruno Martins Indi,435.0,24/25
Bruno Martins Indi,1493.0,23/24
Bruno Martins Indi,1625.0,22/23
Bruno Martins Indi,5244.0,21/22
Bruno Martins Indi,3524.0,20/21
Bruno Martins Indi,1516.0,17/18
Bruno Martins Indi,3597.0,16/17
Bruno Martins Indi,3081.0,15/16
Bruno Martins Indi,3860.0,14/15
Bruno Martins Indi,3940.0,13/14
Bruno Martins Indi,4958.0,12/13
Lewis Schouten,737.0,24/25
Lewis Schouten,1615.0,23/24
Lewis Schouten,3853.0,22/23
Lewis Schouten,3905.0,21/22
Lewis Schouten,218.0,20/21
David Møller Wolfe,3642.0,24/25
David Møller Wolfe,4737.0,23/24
David Møller Wolfe,1414.0,22/23
David Møller Wolfe,3157.0,21/22
David Møller Wolfe,2583.0,19/20
David Møller Wolfe,166.0,18/19
Mees de Wit,692.0,24/25
Mees de Wit,508.0,23/24
Mees de Wit,1210.0,22/23
Mees de Wit,17.0,19/20
Mees de Wit,0.0,18/19
Mees de Wit,1701.0,16/17
Mees de Wit,3020.0,15/16
Mees de Wit,868.0,14/15
Seiya Maikuma,3462.0,24/25
Seiya Maikuma,1657.0,23/24
Seiya Maikuma,3293.0,22/23
Denso Kasius,1651.0,24/25
Denso Kasius,1101.0,23/24
Denso Kasius,1189.0,22/23
Denso Kasius,2227.0,21/22
Denso Kasius,1631.0,20/21
Denso Kasius,2478.0,19/20
Denso Kasius,3822.0,18/19
Denso Kasius,560.0,17/18
Peer Koopmeiners,3762.0,24/25
Peer Koopmeiners,2183.0,22/23
Peer Koopmeiners,2519.0,21/22
Peer Koopmeiners,2992.0,20/21
Peer Koopmeiners,3834.0,18/19
Peer Koopmeiners,4418.0,17/18
Peer Koopmeiners,2074.0,16/17
Peer Koopmeiners,387.0,15/16
Kristijan Belic,800.0,24/25
Kristijan Belic,3189.0,23/24
Kristijan Belic,2432.0,22/23
Kristijan Belic,565.0,21/22
Kristijan Belic,1801.0,19/20
Kristijan Belic,1194.0,18/19
Kristijan Belic,1140.0,17/18
Kristijan Belic,165.0,16/17
Jordy Clasie,3302.0,24/25
Jordy Clasie,4239.0,23/24
Jordy Clasie,6245.0,22/23
Jordy Clasie,4330.0,21/22
Jordy Clasie,780.0,20/21
Jordy Clasie,1944.0,19/20
Jordy Clasie,3571.0,18/19
Jordy Clasie,1242.0,17/18
Jordy Clasie,1878.0,16/17
Jordy Clasie,1993.0,15/16
Jordy Clasie,5264.0,14/15
Jordy Clasie,3631.0,13/14
Jordy Clasie,4216.0,12/13
Kees Smit,2010.0,24/25
Kees Smit,3728.0,23/24
Kees Smit,5517.0,22/23
Kees Smit,1846.0,21/22
Zico Buurmeester,1436.0,24/25
Zico Buurmeester,2255.0,22/23
Zico Buurmeester,2928.0,21/22
Zico Buurmeester,1463.0,20/21
Zico Buurmeester,2145.0,19/20
Zico Buurmeester,1930.0,18/19
Sven Mijnans,3597.0,24/25
Sven Mijnans,3751.0,23/24
Sven Mijnans,4030.0,22/23
Sven Mijnans,2074.0,21/22
Sven Mijnans,1982.0,19/20
Sven Mijnans,2386.0,18/19
Ruben van Bommel,1702.0,24/25
Ruben van Bommel,3527.0,23/24
Ruben van Bommel,2183.0,22/23
Ruben van Bommel,0.0,21/22
Ro-Zangelo Daal,1924.0,24/25
Ro-Zangelo Daal,4545.0,22/23
Ro-Zangelo Daal,3328.0,21/22
Ro-Zangelo Daal,700.0,20/21
Ibrahim Sadiq,679.0,24/25
Ibrahim Sadiq,2493.0,23/24
Ibrahim Sadiq,1320.0,21/22
Ibrahim Sadiq,597.0,20/21
Ibrahim Sadiq,1639.0,18/19
Mayckel Lahdo,1821.0,24/25
Mayckel Lahdo,1900.0,23/24
Mayckel Lahdo,2000.0,22/23
Mayckel Lahdo,626.0,21/22
Jayden Addai,1594.0,24/25
Jayden Addai,2109.0,23/24
Jayden Addai,4606.0,22/23
Jayden Addai,3586.0,21/22
Jayden Addai,548.0,20/21
Ernest Poku,2387.0,24/25
Ernest Poku,2699.0,23/24
Ernest Poku,4925.0,22/23
Ernest Poku,2623.0,21/22
Ernest Poku,639.0,20/21
Ernest Poku,264.0,19/20
Troy Parrott,3582.0,24/25
Troy Parrott,2238.0,23/24
Troy Parrott,2471.0,22/23
Troy Parrott,3538.0,21/22
Troy Parrott,2212.0,20/21
Troy Parrott,1031.0,19/20
Troy Parrott,2472.0,18/19
Troy Parrott,880.0,17/18
Mexx Meerdink,799.0,24/25
Mexx Meerdink,2079.0,23/24
Mexx Meerdink,1863.0,22/23
Mexx Meerdink,3157.0,21/22
Mexx Meerdink,184.0,20/21
Mexx Meerdink,1424.0,19/20
Justin Bijlow,2094.0,23/24
Justin Bijlow,4050.0,22/23
Justin Bijlow,4242.0,21/22
Justin Bijlow,2700.0,20/21
Justin Bijlow,1560.0,19/20
Justin Bijlow,1771.0,18/19
Justin Bijlow,1935.0,17/18
Justin Bijlow,4320.0,16/17
Justin Bijlow,3250.0,15/16
Justin Bijlow,956.0,14/15
Justin Bijlow,330.0,13/14
Timon Wellenreuther,2466.0,23/24
Timon Wellenreuther,1470.0,22/23
Timon Wellenreuther,2880.0,21/22
Timon Wellenreuther,1405.0,17/18
Timon Wellenreuther,900.0,16/17
Timon Wellenreuther,3645.0,15/16
Timon Wellenreuther,2340.0,14/15
Timon Wellenreuther,2782.0,13/14
Timon Wellenreuther,2970.0,12/13
Plamen Andreev,1080.0,24/25
Plamen Andreev,4744.0,23/24
Plamen Andreev,4050.0,22/23
Plamen Andreev,1137.0,21/22
Plamen Andreev,20.0,20/21
Liam Bossin,1890.0,24/25
Liam Bossin,1455.0,19/20
Liam Bossin,212.0,14/15
Liam Bossin,180.0,13/14
Dávid Hancko,3690.0,24/25
Dávid Hancko,5108.0,23/24
Dávid Hancko,6773.0,22/23
Dávid Hancko,5534.0,21/22
Dávid Hancko,3074.0,20/21
Dávid Hancko,2368.0,19/20
Dávid Hancko,1373.0,18/19
Dávid Hancko,4445.0,17/18
Dávid Hancko,1471.0,16/17
Dávid Hancko,4370.0,15/16
Dávid Hancko,10.0,14/15
Thomas Beelen,2032.0,23/24
Thomas Beelen,2523.0,22/23
Thomas Beelen,165.0,21/22
Thomas Beelen,296.0,19/20
Thomas Beelen,180.0,18/19
Thomas Beelen,1269.0,17/18
Facundo González,244.0,24/25
Facundo González,2489.0,23/24
Facundo González,4559.0,22/23
Facundo González,2886.0,20/21
Gernot Trauner,1488.0,24/25
Gernot Trauner,2031.0,23/24
Gernot Trauner,3824.0,22/23
Gernot Trauner,5423.0,21/22
Gernot Trauner,4473.0,20/21
Gernot Trauner,5126.0,19/20
Gernot Trauner,3732.0,18/19
Gernot Trauner,754.0,16/17
Gernot Trauner,1860.0,13/14
Gernot Trauner,1296.0,12/13
Jeyland Mitchell,1054.0,24/25
Jeyland Mitchell,2136.0,23/24
Jeyland Mitchell,0.0,20/21
Quilindschy Hartman,184.0,24/25
Quilindschy Hartman,3382.0,23/24
Quilindschy Hartman,3958.0,22/23
Quilindschy Hartman,584.0,21/22
Quilindschy Hartman,3087.0,19/20
Quilindschy Hartman,3764.0,18/19
Quilindschy Hartman,254.0,17/18
Hugo Bueno,1399.0,24/25
Hugo Bueno,996.0,23/24
Hugo Bueno,1549.0,21/22
Hugo Bueno,1944.0,20/21
Hugo Bueno,1545.0,19/20
Gijs Smal,2483.0,23/24
Gijs Smal,4184.0,22/23
Gijs Smal,2254.0,18/19
Gijs Smal,4391.0,15/16
Gijs Smal,2638.0,14/15
Jordan Lotomba,803.0,24/25
Jordan Lotomba,3332.0,22/23
Jordan Lotomba,2247.0,21/22
Jordan Lotomba,3261.0,20/21
Jordan Lotomba,3008.0,19/20
Jordan Lotomba,1359.0,18/19
Jordan Lotomba,2903.0,17/18
Jordan Lotomba,2294.0,16/17
Jordan Lotomba,3188.0,15/16
Jordan Lotomba,4435.0,14/15
Jordan Lotomba,292.0,13/14
Givairo Read,2054.0,24/25
Givairo Read,3910.0,23/24
Givairo Read,2270.0,22/23
Givairo Read,588.0,21/22
Bart Nieuwkoop,1692.0,23/24
Bart Nieuwkoop,5041.0,22/23
Bart Nieuwkoop,1481.0,20/21
Bart Nieuwkoop,1643.0,19/20
Bart Nieuwkoop,2021.0,18/19
Bart Nieuwkoop,1556.0,17/18
Bart Nieuwkoop,1410.0,16/17
Bart Nieuwkoop,2022.0,15/16
Bart Nieuwkoop,5410.0,14/15
Bart Nieuwkoop,3436.0,13/14
Ramiz Zerrouki,1749.0,24/25
Ramiz Zerrouki,2975.0,23/24
Ramiz Zerrouki,4257.0,22/23
Ramiz Zerrouki,3324.0,21/22
Ramiz Zerrouki,2211.0,20/21
Ramiz Zerrouki,1843.0,19/20
Ramiz Zerrouki,4202.0,16/17
Ramiz Zerrouki,2657.0,15/16
Oussama Targhalline,1132.0,24/25
Oussama Targhalline,1764.0,23/24
Oussama Targhalline,1565.0,22/23
Oussama Targhalline,1348.0,21/22
Oussama Targhalline,210.0,20/21
Quinten Timber,2227.0,24/25
Quinten Timber,3874.0,23/24
Quinten Timber,3072.0,22/23
Quinten Timber,3222.0,21/22
Quinten Timber,905.0,20/21
Quinten Timber,3070.0,19/20
Quinten Timber,6342.0,18/19
Quinten Timber,4690.0,17/18
Quinten Timber,2390.0,16/17
In-beom Hwang,2587.0,24/25
In-beom Hwang,3883.0,23/24
In-beom Hwang,4497.0,22/23
In-beom Hwang,2884.0,21/22
In-beom Hwang,1959.0,19/20
In-beom Hwang,7013.0,18/19
In-beom Hwang,2404.0,17/18
In-beom Hwang,1019.0,14/15
Jakub Moder,892.0,24/25
Jakub Moder,1080.0,23/24
Jakub Moder,2186.0,21/22
Jakub Moder,5689.0,20/21
Jakub Moder,3947.0,19/20
Jakub Moder,2694.0,18/19
Jakub Moder,2339.0,17/18
Jakub Moder,2379.0,16/17
Jakub Moder,2663.0,15/16
Shiloh 't Zand,1954.0,22/23
Shiloh 't Zand,2448.0,21/22
Shiloh 't Zand,585.0,20/21
Shiloh 't Zand,1203.0,19/20
Antoni Milambo,2339.0,24/25
Antoni Milambo,1660.0,23/24
Antoni Milambo,2965.0,22/23
Antoni Milambo,3866.0,21/22
Antoni Milambo,87.0,20/21
Antoni Milambo,740.0,19/20
Calvin Stengs,3353.0,23/24
Calvin Stengs,3012.0,22/23
Calvin Stengs,4307.0,20/21
Calvin Stengs,5161.0,19/20
Calvin Stengs,2291.0,18/19
Calvin Stengs,8.0,17/18
Calvin Stengs,3347.0,16/17
Calvin Stengs,1738.0,15/16
Chris-Kévin Nadje,319.0,24/25
Chris-Kévin Nadje,2525.0,23/24
Chris-Kévin Nadje,2398.0,22/23
Igor Paixão,3157.0,23/24
Igor Paixão,1814.0,22/23
Igor Paixão,4604.0,21/22
Igor Paixão,6316.0,20/21
Igor Paixão,2897.0,19/20
Luka Ivanusec,623.0,24/25
Luka Ivanusec,2690.0,23/24
Luka Ivanusec,4709.0,22/23
Luka Ivanusec,4330.0,21/22
Luka Ivanusec,4485.0,20/21
Luka Ivanusec,2624.0,19/20
Luka Ivanusec,3358.0,18/19
Luka Ivanusec,2612.0,17/18
Luka Ivanusec,2432.0,16/17
Luka Ivanusec,298.0,15/16
Ibrahim Osman,1052.0,24/25
Ibrahim Osman,3330.0,23/24
Anis Hadj Moussa,1875.0,24/25
Anis Hadj Moussa,2134.0,23/24
Anis Hadj Moussa,2286.0,22/23
Anis Hadj Moussa,3087.0,21/22
Ayase Ueda,2019.0,23/24
Ayase Ueda,3816.0,22/23
Ayase Ueda,1894.0,21/22
Ayase Ueda,2422.0,20/21
Ayase Ueda,1441.0,19/20
Ayase Ueda,1048.0,18/19
Julián Carranza,756.0,24/25
Julián Carranza,2361.0,23/24
Julián Carranza,6068.0,22/23
Julián Carranza,4786.0,21/22
Julián Carranza,1448.0,20/21
Julián Carranza,2842.0,19/20
Julián Carranza,1998.0,18/19
Julián Carranza,1934.0,17/18
Stéphano Carrillo,928.0,24/25
Stéphano Carrillo,1095.0,23/24
Zepiqueno Redmond,1975.0,24/25
Zepiqueno Redmond,3759.0,23/24
Zepiqueno Redmond,3829.0,22/23
Zepiqueno Redmond,3559.0,21/22
Luuk Koopmans,1890.0,19/20
Luuk Koopmans,450.0,17/18
Luuk Koopmans,587.0,16/17
Luuk Koopmans,1170.0,15/16
Luuk Koopmans,2689.0,14/15
Rodrigo Guth,1895.0,20/21
Rodrigo Guth,2314.0,19/20
Rodrigo Guth,2507.0,18/19
Rodrigo Guth,736.0,17/18
Shawn Adewoye,123.0,20/21
Shawn Adewoye,426.0,19/20
Syb van Ottele,1652.0,23/24
Syb van Ottele,785.0,21/22
Syb van Ottele,3400.0,19/20
Syb van Ottele,3955.0,18/19
Syb van Ottele,2638.0,17/18
Darijo Grujcic,1579.0,22/23
Mitchell Dijks,300.0,22/23
Mitchell Dijks,688.0,21/22
Mitchell Dijks,1491.0,20/21
Mitchell Dijks,1431.0,17/18
Mitchell Dijks,3228.0,16/17
Mitchell Dijks,4203.0,15/16
Mitchell Dijks,2492.0,14/15
Mitchell Dijks,2261.0,13/14
Mitchell Dijks,1648.0,12/13
Daley Sinkgraven,342.0,22/23
Daley Sinkgraven,814.0,21/22
Daley Sinkgraven,2165.0,20/21
Daley Sinkgraven,1863.0,19/20
Daley Sinkgraven,312.0,18/19
Daley Sinkgraven,566.0,17/18
Daley Sinkgraven,2878.0,16/17
Daley Sinkgraven,2302.0,15/16
Daley Sinkgraven,2992.0,14/15
Daley Sinkgraven,1752.0,13/14
Daley Sinkgraven,2742.0,12/13
Jasper Dahlhaus,1940.0,23/24
Jasper Dahlhaus,1145.0,20/21
Jasper Dahlhaus,3414.0,19/20
Jasper Dahlhaus,3055.0,18/19
Jasper Dahlhaus,1540.0,17/18
Ivo Pinto,1675.0,21/22
Ivo Pinto,3187.0,20/21
Ivo Pinto,2041.0,19/20
Ivo Pinto,3335.0,16/17
Ivo Pinto,2988.0,15/16
Ivo Pinto,5153.0,14/15
Ivo Pinto,4850.0,13/14
Ivo Pinto,4565.0,12/13
Edouard Michut,2081.0,23/24
Edouard Michut,1800.0,22/23
Edouard Michut,2671.0,21/22
Edouard Michut,251.0,20/21
Edouard Michut,201.0,19/20
Ryan Fosso,2322.0,23/24
Ryan Fosso,2809.0,22/23
Ryan Fosso,2900.0,21/22
Ryan Fosso,1184.0,20/21
Ryan Fosso,2033.0,19/20
Ryan Fosso,3424.0,18/19
Samuel Bastien,216.0,23/24
Samuel Bastien,898.0,22/23
Samuel Bastien,2015.0,21/22
Samuel Bastien,3489.0,20/21
Samuel Bastien,3831.0,19/20
Samuel Bastien,2080.0,18/19
Samuel Bastien,1882.0,17/18
Samuel Bastien,889.0,16/17
Samuel Bastien,1805.0,15/16
Samuel Bastien,822.0,14/15
Ezequiel Bullaude,461.0,23/24
Ezequiel Bullaude,1818.0,22/23
Ezequiel Bullaude,3447.0,21/22
Ezequiel Bullaude,3965.0,20/21
Ezequiel Bullaude,1160.0,19/20
Ezequiel Bullaude,1657.0,18/19
Alen Halilovic,511.0,22/23
Alen Halilovic,887.0,21/22
Alen Halilovic,785.0,20/21
Alen Halilovic,1120.0,19/20
Alen Halilovic,1022.0,18/19
Alen Halilovic,1899.0,17/18
Alen Halilovic,2991.0,15/16
Alen Halilovic,1996.0,14/15
Alen Halilovic,2269.0,13/14
Alen Halilovic,1601.0,12/13
Luka Tunjic,3793.0,22/23
Luka Tunjic,3118.0,21/22
Makan Aïko,1095.0,21/22
Makan Aïko,1120.0,20/21
Kristoffer Peterson,1201.0,23/24
Kristoffer Peterson,1247.0,19/20
Kristoffer Peterson,2685.0,18/19
Kristoffer Peterson,1695.0,14/15
Kristoffer Peterson,2026.0,13/14
Kristoffer Peterson,1040.0,12/13
Josip Mitrovic,2312.0,21/22
Josip Mitrovic,1230.0,20/21
Josip Mitrovic,1590.0,19/20
Josip Mitrovic,132.0,18/19
Kaj Sierhuis,448.0,22/23
Kaj Sierhuis,1558.0,21/22
Kaj Sierhuis,917.0,20/21
Kaj Sierhuis,1815.0,19/20
Kaj Sierhuis,2472.0,18/19
Kaj Sierhuis,1562.0,17/18
Kaj Sierhuis,4035.0,16/17
Kaj Sierhuis,3671.0,15/16
Kaj Sierhuis,711.0,14/15
Bojan Radulović,1212.0,24/25
Bojan Radulović,2665.0,23/24
Bojan Radulović,2917.0,22/23
Bojan Radulović,1529.0,21/22
Bojan Radulović,1851.0,19/20
Bojan Radulović,966.0,18/19
Bojan Radulović,1702.0,17/18
Alessio da Cruz,452.0,23/24
Alessio da Cruz,2244.0,21/22
Alessio da Cruz,1643.0,20/21
Alessio da Cruz,2093.0,19/20
Alessio da Cruz,1867.0,17/18
Alessio da Cruz,1965.0,15/16
Alessio da Cruz,2485.0,14/15
Onur Demir,1117.0,22/23
Onur Demir,727.0,21/22
Onur Demir,40.0,18/19
Luca Plogmann,1710.0,24/25
Luca Plogmann,810.0,21/22
Luca Plogmann,651.0,20/21
Luca Plogmann,2160.0,19/20
Luca Plogmann,1567.0,18/19
Luca Plogmann,5016.0,17/18
Luca Plogmann,5440.0,16/17
Luca Plogmann,3010.0,15/16
Jari De Busser,750.0,24/25
Jari De Busser,3285.0,23/24
Jari De Busser,2234.0,22/23
Jari De Busser,0.0,19/20
Jari De Busser,0.0,18/19
Sven Jansen,1800.0,24/25
Sven Jansen,1350.0,23/24
Sven Jansen,1980.0,22/23
Sven Jansen,360.0,21/22
Nando Verdoni,900.0,24/25
Nando Verdoni,1890.0,23/24
Nando Verdoni,1080.0,22/23
Joris Kramer,2783.0,24/25
Joris Kramer,941.0,20/21
Joris Kramer,27.0,19/20
Joris Kramer,2390.0,18/19
Joris Kramer,2144.0,17/18
Joris Kramer,4144.0,14/15
Joris Kramer,1895.0,13/14
Gerrit Nauber,2108.0,24/25
Gerrit Nauber,4680.0,16/17
Gerrit Nauber,4350.0,15/16
Gerrit Nauber,3911.0,14/15
Gerrit Nauber,2441.0,13/14
Gerrit Nauber,3651.0,12/13
Julius Dirksen,123.0,24/25
Julius Dirksen,800.0,21/22
Julius Dirksen,0.0,20/21
Julius Dirksen,3464.0,19/20
Julius Dirksen,2064.0,18/19
Pim Saathof,1728.0,24/25
Pim Saathof,1162.0,23/24
Pim Saathof,3003.0,22/23
Pim Saathof,612.0,21/22
Aske Adelgaard,930.0,24/25
Aske Adelgaard,1492.0,23/24
Aske Adelgaard,1797.0,22/23
Dean James,1871.0,24/25
Dean James,4614.0,18/19
Dean James,2841.0,17/18
Mats Deijl,2820.0,24/25
Mats Deijl,770.0,16/17
Mats Deijl,0.0,14/15
Luca Everink,94.0,24/25
Luca Everink,403.0,23/24
Luca Everink,138.0,22/23
Luca Everink,2907.0,19/20
Luca Everink,1485.0,18/19
Enric Llansana,2434.0,24/25
Enric Llansana,2013.0,21/22
Enric Llansana,2531.0,20/21
Enric Llansana,3868.0,19/20
Enric Llansana,4668.0,18/19
Enric Llansana,4414.0,17/18
Enric Llansana,474.0,16/17
Calvin Twigt,637.0,24/25
Calvin Twigt,2268.0,23/24
Calvin Twigt,903.0,20/21
Calvin Twigt,1522.0,19/20
Calvin Twigt,1846.0,18/19
Evert Linthorst,2364.0,24/25
Evert Linthorst,1693.0,19/20
Evert Linthorst,1055.0,18/19
Evert Linthorst,1753.0,17/18
Robbin Weijenberg,1393.0,24/25
Robbin Weijenberg,3567.0,23/24
Robbin Weijenberg,3520.0,22/23
Robbin Weijenberg,996.0,21/22
Jakob Breum,2581.0,24/25
Jakob Breum,2051.0,23/24
Jakob Breum,1399.0,22/23
Jakob Breum,2436.0,21/22
Jakob Breum,2129.0,20/21
Jakob Breum,415.0,19/20
Søren Tengstedt,774.0,24/25
Søren Tengstedt,2259.0,22/23
Søren Tengstedt,1504.0,21/22
Søren Tengstedt,464.0,20/21
Søren Tengstedt,1476.0,19/20
Søren Tengstedt,950.0,18/19
Mathis Suray,779.0,24/25
Mathis Suray,737.0,17/18
Oskar Sivertsen,2447.0,23/24
Oskar Sivertsen,3351.0,22/23
Oskar Sivertsen,1326.0,21/22
Oskar Sivertsen,176.0,19/20
Oliver Antman,2216.0,24/25
Oliver Antman,1573.0,23/24
Oliver Antman,1899.0,22/23
Oliver Antman,2548.0,21/22
Oliver Antman,1617.0,19/20
Oliver Antman,1024.0,18/19
Oliver Antman,346.0,17/18
Oscar Pettersson,1385.0,23/24
Oscar Pettersson,773.0,20/21
Oscar Pettersson,1231.0,19/20
Oscar Pettersson,299.0,18/19
Victor Edvardsen,2396.0,24/25
Victor Edvardsen,2776.0,22/23
Victor Edvardsen,3439.0,14/15
Victor Edvardsen,3056.0,13/14
Victor Edvardsen,354.0,12/13
Finn Stokkers,464.0,24/25
Finn Stokkers,1804.0,15/16
Finn Stokkers,1872.0,14/15
Finn Stokkers,1365.0,13/14
Finn Stokkers,502.0,12/13
Etienne Vaessen,2340.0,24/25
Etienne Vaessen,2825.0,23/24
Etienne Vaessen,3553.0,17/18
Etienne Vaessen,270.0,15/16
Hidde Jurjus,2160.0,20/21
Hidde Jurjus,1978.0,18/19
Hidde Jurjus,1620.0,16/17
Hidde Jurjus,3600.0,15/16
Hidde Jurjus,3102.0,14/15
Hidde Jurjus,180.0,12/13
Dirk Baron,1440.0,24/25
Dirk Baron,1280.0,23/24
Dirk Baron,1440.0,22/23
Dirk Baron,360.0,21/22
Jasper Meijster,1800.0,24/25
Jasper Meijster,1973.0,23/24
Jasper Meijster,3600.0,22/23
Jasper Meijster,3330.0,21/22
Jasper Meijster,0.0,20/21
Hjalmar Ekdal,318.0,24/25
Hjalmar Ekdal,506.0,23/24
Hjalmar Ekdal,2935.0,22/23
Hjalmar Ekdal,2124.0,19/20
Hjalmar Ekdal,2975.0,18/19
Hjalmar Ekdal,1170.0,16/17
Thijmen Blokzijl,2783.0,23/24
Thijmen Blokzijl,3713.0,22/23
Thijmen Blokzijl,3960.0,21/22
Thijmen Blokzijl,862.0,20/21
Thijmen Blokzijl,444.0,19/20
Marco Rente,1980.0,19/20
Marco Rente,3559.0,17/18
Marco Rente,2325.0,16/17
Marco Rente,462.0,15/16
Finn Stam,3265.0,23/24
Finn Stam,1440.0,21/22
Finn Stam,320.0,20/21
Finn Stam,88.0,19/20
Finn Stam,78.0,18/19
Marvin Peersman,2944.0,22/23
Marvin Peersman,2926.0,17/18
Marvin Peersman,2293.0,14/15
Sven Bouland,1861.0,24/25
Sven Bouland,5564.0,23/24
Sven Bouland,3950.0,22/23
Sven Bouland,98.0,21/22
Maxim Mariani,585.0,24/25
Maxim Mariani,3540.0,23/24
Maxim Mariani,3396.0,22/23
Maxim Mariani,3396.0,21/22
Maxim Mariani,25.0,18/19
Wouter Prins,2251.0,23/24
Wouter Prins,2621.0,22/23
Wouter Prins,3030.0,21/22
Leandro Bacuna,2415.0,24/25
Leandro Bacuna,3309.0,23/24
Leandro Bacuna,1451.0,22/23
Leandro Bacuna,1208.0,21/22
Leandro Bacuna,3611.0,20/21
Leandro Bacuna,3869.0,19/20
Leandro Bacuna,3692.0,18/19
Leandro Bacuna,3423.0,17/18
Leandro Bacuna,3302.0,16/17
Leandro Bacuna,3332.0,12/13
Stije Resink,2389.0,21/22
Dave Kwakman,1387.0,24/25
Dave Kwakman,2879.0,23/24
Dave Kwakman,5739.0,22/23
Dave Kwakman,4248.0,21/22
Dave Kwakman,720.0,20/21
Tika de Jonge,2435.0,23/24
Tika de Jonge,2850.0,22/23
Tika de Jonge,2898.0,21/22
Tika de Jonge,369.0,20/21
Tika de Jonge,92.0,19/20
Thijs Oosting,1105.0,22/23
Thijs Oosting,1265.0,21/22
Thijs Oosting,2487.0,20/21
Thijs Oosting,4904.0,18/19
Thijs Oosting,5284.0,17/18
Thijs Oosting,3169.0,16/17
David van der Werff,2567.0,24/25
David van der Werff,2218.0,23/24
David van der Werff,2222.0,22/23
David van der Werff,2315.0,21/22
Luciano Valente,3179.0,23/24
Luciano Valente,1338.0,22/23
Luciano Valente,2937.0,21/22
Luciano Valente,0.0,20/21
Luciano Valente,2583.0,19/20
Luciano Valente,1950.0,18/19
Mats Seuntjens,2931.0,18/19
Mats Seuntjens,3004.0,16/17
Mats Seuntjens,3336.0,15/16
Mats Seuntjens,2098.0,14/15
Mats Seuntjens,1314.0,12/13
Noam Emeran,1103.0,24/25
Noam Emeran,1763.0,23/24
Fofin Turay,928.0,24/25
Fofin Turay,2103.0,23/24
Fofin Turay,3768.0,22/23
Fofin Turay,2372.0,21/22
Jorg Schreuders,3596.0,23/24
Jorg Schreuders,3263.0,22/23
Jorg Schreuders,3668.0,21/22
Thom van Bergen,1692.0,24/25
Thom van Bergen,3319.0,23/24
Thom van Bergen,2448.0,22/23
Thom van Bergen,3682.0,21/22
Thom van Bergen,940.0,20/21
Thom van Bergen,1096.0,19/20
Romano Postema,1799.0,22/23
Romano Postema,922.0,21/22
Romano Postema,2535.0,20/21
Romano Postema,1675.0,19/20
Romano Postema,5010.0,18/19
Romano Postema,2112.0,17/18
Brynjólfur Andersen Willumsson,800.0,24/25
Brynjólfur Andersen Willumsson,813.0,23/24
Brynjólfur Andersen Willumsson,2395.0,21/22
Brynjólfur Andersen Willumsson,1338.0,20/21
Brynjólfur Andersen Willumsson,2088.0,19/20
Brynjólfur Andersen Willumsson,1443.0,18/19
Brynjólfur Andersen Willumsson,430.0,17/18
van Veen,376.0,24/25
van Veen,1372.0,23/24
van Veen,7086.0,22/23
van Veen,5104.0,21/22
Andries Noppert,1800.0,22/23
Andries Noppert,2280.0,21/22
Andries Noppert,180.0,19/20
Andries Noppert,810.0,17/18
Andries Noppert,1260.0,14/15
Andries Noppert,2070.0,12/13
Mickey van der Hart,1260.0,23/24
Mickey van der Hart,2910.0,22/23
Mickey van der Hart,2950.0,21/22
Mickey van der Hart,2700.0,20/21
Mickey van der Hart,6600.0,19/20
Mickey van der Hart,2857.0,15/16
Mickey van der Hart,2640.0,14/15
Mickey van der Hart,2925.0,13/14
Mickey van der Hart,1442.0,12/13
Bernt Klaverboer,596.0,24/25
Bernt Klaverboer,3645.0,23/24
Bernt Klaverboer,1980.0,22/23
Bernt Klaverboer,3600.0,21/22
Bernt Klaverboer,180.0,20/21
Bernt Klaverboer,31.0,19/20
Jan Bekkema,3060.0,14/15
Jan Bekkema,90.0,13/14
Pawel Bochniewicz,2443.0,23/24
Pawel Bochniewicz,3272.0,22/23
Pawel Bochniewicz,3588.0,20/21
Pawel Bochniewicz,6120.0,19/20
Pawel Bochniewicz,6006.0,18/19
Pawel Bochniewicz,4057.0,17/18
Pawel Bochniewicz,4787.0,16/17
Pawel Bochniewicz,3461.0,15/16
Pawel Bochniewicz,5478.0,14/15
Pawel Bochniewicz,4204.0,13/14
Pawel Bochniewicz,1840.0,12/13
Nikolai Hopland,1126.0,23/24
Nikolai Hopland,3174.0,22/23
Nikolai Hopland,2430.0,21/22
Sam Kersten,1448.0,19/20
Sam Kersten,2901.0,18/19
Hristiyan Petrov,944.0,24/25
Hristiyan Petrov,4049.0,23/24
Hristiyan Petrov,3448.0,22/23
Hristiyan Petrov,1360.0,21/22
Hristiyan Petrov,3253.0,20/21
Hristiyan Petrov,585.0,19/20
Jordy de Wijs,1838.0,21/22
Jordy de Wijs,1451.0,20/21
Jordy de Wijs,3040.0,19/20
Jordy de Wijs,2631.0,18/19
Jordy de Wijs,2037.0,17/18
Jordy de Wijs,2334.0,16/17
Jordy de Wijs,1773.0,15/16
Jordy de Wijs,2315.0,14/15
Jordy de Wijs,4480.0,13/14
Jordy de Wijs,1512.0,12/13
Mateja Milovanovic,1510.0,22/23
Mateja Milovanovic,3277.0,21/22
Mateja Milovanovic,431.0,20/21
Mats Köhlert,1747.0,20/21
Mats Köhlert,2513.0,19/20
Mats Köhlert,1606.0,18/19
Mats Köhlert,3425.0,16/17
Mats Köhlert,4570.0,15/16
Mats Köhlert,5451.0,14/15
Mats Köhlert,857.0,13/14
Oliver Braude,2996.0,23/24
Oliver Braude,3611.0,22/23
Oliver Braude,3000.0,21/22
Denzel Hall,767.0,23/24
Denzel Hall,1697.0,21/22
Denzel Hall,90.0,20/21
Denzel Hall,2160.0,19/20
Denzel Hall,4933.0,18/19
Denzel Hall,3082.0,17/18
Hussein Ali,1944.0,23/24
Hussein Ali,620.0,22/23
Hussein Ali,631.0,21/22
Hussein Ali,2014.0,20/21
Hussein Ali,1704.0,19/20
Hussein Ali,1210.0,18/19
Hussein Ali,160.0,17/18
Amara Condé,3714.0,21/22
Amara Condé,2687.0,20/21
Amara Condé,2534.0,19/20
Amara Condé,141.0,17/18
Amara Condé,2377.0,16/17
Amara Condé,5628.0,15/16
Amara Condé,4993.0,14/15
Amara Condé,4256.0,13/14
Amara Condé,159.0,12/13
Espen van Ee,2187.0,23/24
Espen van Ee,3610.0,22/23
Espen van Ee,3422.0,21/22
Espen van Ee,1260.0,19/20
Ahmed,368.0,24/25
Ahmed,4662.0,23/24
Ahmed,4648.0,22/23
Ahmed,3834.0,21/22
Oostra,636.0,24/25
Oostra,2766.0,23/24
Oostra,2849.0,22/23
Oostra,3092.0,21/22
Oostra,575.0,20/21
Oostra,1018.0,19/20
Luuk Brouwers,1367.0,19/20
Luuk Brouwers,2071.0,16/17
Luuk Brouwers,63.0,14/15
Levi Smans,1888.0,22/23
Melle Witteveen,532.0,24/25
Melle Witteveen,2852.0,23/24
Melle Witteveen,916.0,21/22
Melle Witteveen,2653.0,19/20
Ilias Sebaoui,1622.0,22/23
Jacob Trenskow,1961.0,23/24
Jacob Trenskow,1050.0,21/22
Jacob Trenskow,2761.0,20/21
Jacob Trenskow,1529.0,19/20
Alireza Jahanbakhsh,1394.0,23/24
Alireza Jahanbakhsh,3556.0,22/23
Alireza Jahanbakhsh,2879.0,21/22
Alireza Jahanbakhsh,1408.0,19/20
Alireza Jahanbakhsh,1998.0,18/19
Alireza Jahanbakhsh,3885.0,17/18
Alireza Jahanbakhsh,4686.0,16/17
Alireza Jahanbakhsh,2544.0,15/16
Alireza Jahanbakhsh,3092.0,14/15
Alireza Jahanbakhsh,2335.0,13/14
Alireza Jahanbakhsh,3360.0,12/13
Ché Nunnely,2574.0,20/21
Ché Nunnely,2614.0,19/20
Ché Nunnely,1090.0,18/19
Ché Nunnely,3785.0,17/18
Ché Nunnely,4692.0,16/17
Ché Nunnely,3618.0,15/16
Ché Nunnely,1354.0,14/15
Eser Gürbüz,601.0,24/25
Eser Gürbüz,4298.0,23/24
Milos Lukovic,602.0,24/25
Milos Lukovic,3349.0,23/24
Milos Lukovic,3783.0,22/23
Milos Lukovic,3458.0,21/22
Ion Nicolaescu,1219.0,24/25
Ion Nicolaescu,1345.0,23/24
Ion Nicolaescu,4030.0,22/23
Ion Nicolaescu,1974.0,21/22
Ion Nicolaescu,2157.0,20/21
Ion Nicolaescu,1442.0,19/20
Ion Nicolaescu,481.0,18/19
Ion Nicolaescu,920.0,17/18
Ion Nicolaescu,387.0,16/17
Ion Nicolaescu,132.0,15/16
Dimitris Rallis,926.0,24/25
Dimitris Rallis,3336.0,23/24
Dimitris Rallis,4536.0,22/23
Dimitris Rallis,2542.0,21/22
Dimitris Rallis,218.0,20/21
Dimitris Rallis,110.0,19/20
Fabian de Keijzer,1155.0,22/23
Fabian de Keijzer,2835.0,21/22
Fabian de Keijzer,630.0,20/21
Fabian de Keijzer,2160.0,19/20
Fabian de Keijzer,4012.0,18/19
Fabian de Keijzer,4410.0,17/18
Fabian de Keijzer,2590.0,16/17
Robin Mantel,90.0,18/19
Timo Jansink,810.0,24/25
Timo Jansink,2340.0,23/24
Timo Jansink,1980.0,22/23
Timo Jansink,2970.0,21/22
Timo Jansink,810.0,19/20
Justin Hoogma,2970.0,19/20
Justin Hoogma,1990.0,18/19
Justin Hoogma,2591.0,17/18
Justin Hoogma,3916.0,16/17
Justin Hoogma,2669.0,15/16
Ivan Mesik,2460.0,24/25
Ivan Mesik,5698.0,23/24
Ivan Mesik,2188.0,22/23
Ivan Mesik,2563.0,21/22
Ivan Mesik,2786.0,20/21
Ivan Mesik,3930.0,19/20
Ivan Mesik,405.0,18/19
Stijn Bultman,463.0,24/25
Stijn Bultman,1653.0,23/24
Stijn Bultman,5287.0,22/23
Stijn Bultman,1650.0,21/22
Damon Mirani,3221.0,16/17
Damon Mirani,1462.0,15/16
Damon Mirani,4686.0,14/15
Damon Mirani,3001.0,13/14
Sava-Arangel Cestic,2051.0,21/22
Sava-Arangel Cestic,1997.0,20/21
Sava-Arangel Cestic,2360.0,19/20
Sava-Arangel Cestic,256.0,18/19
Sava-Arangel Cestic,2046.0,17/18
Sava-Arangel Cestic,64.0,16/17
Jop Tijink,2790.0,24/25
Jop Tijink,3846.0,23/24
Jop Tijink,1848.0,22/23
Jop Tijink,1573.0,21/22
Lorenzo Milani,4965.0,23/24
Lorenzo Milani,5109.0,22/23
Lorenzo Milani,3154.0,21/22
Lorenzo Milani,5628.0,20/21
Lorenzo Milani,3952.0,19/20
Lorenzo Milani,151.0,18/19
Mats Rots,2122.0,24/25
Mats Rots,2999.0,23/24
Mats Rots,4727.0,22/23
Mats Rots,1383.0,21/22
Mimeirhel Benita,1608.0,22/23
Mimeirhel Benita,4080.0,21/22
Mimeirhel Benita,630.0,20/21
Mimeirhel Benita,3042.0,19/20
Mimeirhel Benita,2956.0,18/19
Jannes Wieckhoff,286.0,21/22
Jannes Wieckhoff,4102.0,18/19
Jannes Wieckhoff,3298.0,17/18
Jannes Wieckhoff,2523.0,16/17
Kelvin Leerdam,1044.0,23/24
Kelvin Leerdam,2901.0,22/23
Kelvin Leerdam,1197.0,21/22
Kelvin Leerdam,3839.0,20/21
Kelvin Leerdam,3506.0,19/20
Kelvin Leerdam,5261.0,18/19
Kelvin Leerdam,4119.0,17/18
Kelvin Leerdam,5760.0,16/17
Kelvin Leerdam,1840.0,15/16
Kelvin Leerdam,1845.0,14/15
Kelvin Leerdam,3022.0,13/14
Kelvin Leerdam,3278.0,12/13
Brian De Keersmaecker,1651.0,20/21
Brian De Keersmaecker,220.0,19/20
Daniël van Kaam,2501.0,22/23
Daniël van Kaam,1240.0,21/22
Daniël van Kaam,2756.0,18/19
Daniël van Kaam,3898.0,17/18
Daniël van Kaam,2641.0,16/17
Sem Scheperman,622.0,22/23
Sem Scheperman,1659.0,21/22
Sem Scheperman,740.0,19/20
Jan Zamburek,2409.0,23/24
Jan Zamburek,2267.0,22/23
Jan Zamburek,1440.0,21/22
Jan Zamburek,920.0,20/21
Jan Zamburek,1122.0,19/20
Jan Zamburek,605.0,18/19
Jordy Bruijn,2128.0,23/24
Jordy Bruijn,0.0,14/15
Jordy Bruijn,179.0,13/14
Thomas Bruns,1932.0,21/22
Thomas Bruns,1707.0,18/19
Thomas Bruns,3077.0,17/18
Thomas Bruns,3044.0,16/17
Thomas Bruns,2367.0,13/14
Thomas Bruns,3012.0,12/13
Mario Engels,700.0,22/23
Mario Engels,1583.0,16/17
Suf Podgoreanu,1714.0,24/25
Suf Podgoreanu,1646.0,23/24
Suf Podgoreanu,11.0,22/23
Suf Podgoreanu,623.0,21/22
Suf Podgoreanu,2504.0,20/21
Suf Podgoreanu,230.0,19/20
Suf Podgoreanu,50.0,17/18
Bryan Limbombe,2673.0,21/22
Bryan Limbombe,100.0,20/21
Bryan Limbombe,230.0,19/20
Giandro Sambo,2005.0,24/25
Giandro Sambo,2833.0,23/24
Giandro Sambo,2734.0,22/23
Nikolai Laursen,1667.0,20/21
Nikolai Laursen,2078.0,19/20
Nikolai Laursen,1719.0,18/19
Nikolai Laursen,1795.0,17/18
Nikolai Laursen,1001.0,16/17
Nikolai Laursen,1828.0,15/16
Nikolai Laursen,176.0,14/15
Juho Talvitie,3562.0,23/24
Juho Talvitie,1329.0,22/23
Juho Talvitie,268.0,21/22
Luka Kulenovic,1483.0,24/25
Luka Kulenovic,2449.0,23/24
Luka Kulenovic,2534.0,22/23
Luka Kulenovic,2102.0,21/22
Luka Kulenovic,255.0,19/20
Jizz Hornkamp,2450.0,21/22
Jizz Hornkamp,79.0,19/20
Jizz Hornkamp,1445.0,17/18
Jizz Hornkamp,3971.0,16/17
Jizz Hornkamp,3411.0,15/16
Diego van Oorschot,1507.0,24/25
Diego van Oorschot,547.0,23/24
Diego van Oorschot,2529.0,22/23
Daniel Bielica,6120.0,23/24
Daniel Bielica,4800.0,22/23
Daniel Bielica,3330.0,21/22
Daniel Bielica,1140.0,20/21
Daniel Bielica,1650.0,18/19
Roy Kortsmit,2047.0,23/24
Roy Kortsmit,360.0,20/21
Roy Kortsmit,2810.0,18/19
Roy Kortsmit,92.0,13/14
Kostas Lamprou,0.0,23/24
Kostas Lamprou,438.0,18/19
Kostas Lamprou,1080.0,17/18
Kostas Lamprou,1066.0,13/14
Kostas Lamprou,1920.0,12/13
Aron van Lare,720.0,24/25
Aron van Lare,1080.0,23/24
Aron van Lare,1260.0,22/23
Aron van Lare,312.0,21/22
Aron van Lare,540.0,20/21
Aron van Lare,2817.0,19/20
Aron van Lare,2670.0,18/19
Leo Greiml,1011.0,22/23
Leo Greiml,2639.0,21/22
Leo Greiml,2311.0,20/21
Leo Greiml,2127.0,19/20
Leo Greiml,2364.0,18/19
Leo Greiml,2362.0,17/18
Leo Greiml,614.0,16/17
Jan Van den Bergh,3331.0,22/23
Jan Van den Bergh,529.0,19/20
Jan Van den Bergh,2519.0,18/19
Jan Van den Bergh,3186.0,17/18
Jan Van den Bergh,3774.0,16/17
Terence Kongolo,561.0,24/25
Terence Kongolo,957.0,23/24
Terence Kongolo,1002.0,22/23
Terence Kongolo,313.0,20/21
Terence Kongolo,967.0,19/20
Terence Kongolo,2722.0,18/19
Terence Kongolo,1946.0,17/18
Terence Kongolo,2882.0,16/17
Terence Kongolo,3216.0,15/16
Terence Kongolo,4991.0,14/15
Terence Kongolo,2806.0,13/14
Terence Kongolo,2437.0,12/13
Cherrion Valerius,561.0,24/25
Cherrion Valerius,4255.0,23/24
Cherrion Valerius,5235.0,22/23
Cherrion Valerius,2526.0,21/22
Enes Mahmutovic,232.0,24/25
Enes Mahmutovic,2340.0,23/24
Enes Mahmutovic,2665.0,22/23
Enes Mahmutovic,1072.0,21/22
Enes Mahmutovic,2353.0,20/21
Enes Mahmutovic,1560.0,18/19
Enes Mahmutovic,1278.0,17/18
Enes Mahmutovic,2714.0,16/17
Enes Mahmutovic,10.0,15/16
Enes Mahmutovic,102.0,14/15
Daan van Reeuwijk,1938.0,24/25
Daan van Reeuwijk,1350.0,23/24
Daan van Reeuwijk,9.0,22/23
Boy Kemper,1613.0,24/25
Boy Kemper,1232.0,19/20
Boy Kemper,4638.0,17/18
Boy Kemper,4586.0,16/17
Boy Kemper,2334.0,15/16
Maxime Busi,560.0,24/25
Maxime Busi,409.0,23/24
Maxime Busi,2319.0,20/21
Maxime Busi,2215.0,19/20
Boyd Lucassen,776.0,17/18
Boyd Lucassen,2811.0,16/17
Boyd Lucassen,2616.0,15/16
Max Balard,4015.0,23/24
Max Balard,2240.0,22/23
Max Balard,1461.0,21/22
Max Balard,257.0,20/21
Casper Staring,1675.0,22/23
Casper Staring,1261.0,21/22
Casper Staring,3209.0,19/20
Casper Staring,820.0,18/19
Fredrik Oldrup Jensen,2386.0,21/22
Fredrik Oldrup Jensen,1689.0,19/20
Fredrik Oldrup Jensen,2066.0,18/19
Fredrik Oldrup Jensen,2232.0,17/18
Fredrik Oldrup Jensen,1701.0,16/17
Fredrik Oldrup Jensen,3544.0,15/16
Fredrik Oldrup Jensen,2072.0,14/15
Fredrik Oldrup Jensen,2816.0,13/14
Fredrik Oldrup Jensen,2303.0,12/13
Lars Mol,594.0,24/25
Lars Mol,1911.0,23/24
Lars Mol,4160.0,22/23
Lars Mol,1935.0,21/22
Clint Leemans,1287.0,23/24
Clint Leemans,3560.0,22/23
Clint Leemans,2833.0,14/15
Clint Leemans,3446.0,13/14
Clint Leemans,3854.0,12/13
Matthew Garbett,1078.0,24/25
Matthew Garbett,2263.0,23/24
Matthew Garbett,1684.0,22/23
Matthew Garbett,3028.0,21/22
Matthew Garbett,668.0,20/21
Matthew Garbett,514.0,19/20
Matthew Garbett,241.0,18/19
Aïmane Jaddi,2295.0,23/24
Aïmane Jaddi,3158.0,22/23
Aïmane Jaddi,1691.0,21/22
Dominik Janosek,3583.0,22/23
Dominik Janosek,2385.0,21/22
Dominik Janosek,1657.0,20/21
Dominik Janosek,2778.0,19/20
Dominik Janosek,3454.0,18/19
Dominik Janosek,2727.0,17/18
Raul Paula,633.0,24/25
Raul Paula,2824.0,23/24
Raul Paula,1119.0,22/23
Raul Paula,3404.0,21/22
Raul Paula,671.0,20/21
Raul Paula,1343.0,19/20
Leo Sauer,1870.0,24/25
Leo Sauer,2138.0,23/24
Leo Sauer,4098.0,22/23
Leo Sauer,2949.0,21/22
Saná Fernandes,3499.0,23/24
Saná Fernandes,2702.0,22/23
Adam Kaied,568.0,24/25
Adam Kaied,1157.0,23/24
Adam Kaied,914.0,22/23
Adam Kaied,1025.0,21/22
Adam Kaied,230.0,19/20
Sowah,37.0,24/25
Sowah,1456.0,23/24
Sowah,1977.0,22/23
Sowah,1161.0,21/22
Sowah,2021.0,19/20
Sowah,197.0,18/19
Roy Kuijpers,1985.0,23/24
Roy Kuijpers,1294.0,18/19
Roy Kuijpers,1530.0,17/18
Sydney van Hooijdonk,3149.0,22/23
Sydney van Hooijdonk,1797.0,20/21
Sydney van Hooijdonk,3337.0,18/19
Sydney van Hooijdonk,3836.0,17/18
Kacper Kostorz,418.0,22/23
Kacper Kostorz,905.0,21/22
Kacper Kostorz,524.0,20/21
Kacper Kostorz,1495.0,19/20
Kacper Kostorz,1892.0,18/19
Kacper Kostorz,645.0,17/18
Elías Már Ómarsson,1630.0,23/24
Elías Már Ómarsson,3413.0,20/21
Elías Már Ómarsson,2444.0,18/19
Elías Már Ómarsson,1846.0,16/17
Elías Már Ómarsson,2746.0,15/16
Elías Már Ómarsson,972.0,14/15
Elías Már Ómarsson,2948.0,13/14
Robin Roefs,2160.0,24/25
Robin Roefs,824.0,23/24
Robin Roefs,1440.0,22/23
Robin Roefs,2882.0,21/22
Robin Roefs,1080.0,20/21
Robin Roefs,3452.0,19/20
Robin Roefs,2094.0,18/19
Stijn van Gassel,3510.0,17/18
Stijn van Gassel,634.0,15/16
Stijn van Gassel,389.0,14/15
Stijn van Gassel,810.0,13/14
Rijk Janse,990.0,24/25
Rijk Janse,2430.0,23/24
Rijk Janse,990.0,22/23
Rijk Janse,630.0,20/21
Rijk Janse,1980.0,19/20
Rijk Janse,258.0,18/19
Rijk Janse,520.0,17/18
Philippe Sandler,2258.0,23/24
Philippe Sandler,122.0,21/22
Philippe Sandler,405.0,20/21
Philippe Sandler,982.0,19/20
Philippe Sandler,596.0,18/19
Philippe Sandler,2543.0,17/18
Philippe Sandler,3130.0,15/16
Philippe Sandler,772.0,14/15
Iván Márquez,2886.0,20/21
Iván Márquez,4180.0,19/20
Iván Márquez,4138.0,18/19
Bram Nuytinck,2631.0,17/18
Bram Nuytinck,4511.0,16/17
Bram Nuytinck,1810.0,15/16
Bram Nuytinck,1051.0,14/15
Bram Nuytinck,4410.0,12/13
Thomas Reinders,1330.0,24/25
Thomas Reinders,1131.0,23/24
Thomas Reinders,334.0,22/23
Thomas Reinders,398.0,21/22
Calvin Verdonk,4123.0,23/24
Calvin Verdonk,495.0,20/21
Calvin Verdonk,2159.0,19/20
Calvin Verdonk,2062.0,18/19
Calvin Verdonk,2424.0,16/17
Calvin Verdonk,3261.0,15/16
Calvin Verdonk,4802.0,14/15
Thomas Ouwejan,1071.0,24/25
Thomas Ouwejan,404.0,20/21
Thomas Ouwejan,1257.0,19/20
Thomas Ouwejan,3465.0,18/19
Thomas Ouwejan,3911.0,17/18
Thomas Ouwejan,1620.0,16/17
Thomas Ouwejan,2026.0,15/16
Thomas Ouwejan,4080.0,14/15
Thomas Ouwejan,1502.0,13/14
Brayann Pereira,1424.0,22/23
Brayann Pereira,4101.0,21/22
Brayann Pereira,1500.0,20/21
Lefteris Lyratzis,342.0,24/25
Lefteris Lyratzis,982.0,23/24
Lefteris Lyratzis,1207.0,22/23
Lefteris Lyratzis,3544.0,21/22
Lefteris Lyratzis,730.0,20/21
Lefteris Lyratzis,1606.0,19/20
Lefteris Lyratzis,3142.0,18/19
Lefteris Lyratzis,2967.0,17/18
Lefteris Lyratzis,1865.0,16/17
Lefteris Lyratzis,130.0,15/16
D'Leanu Arts,1440.0,24/25
D'Leanu Arts,2594.0,23/24
D'Leanu Arts,1960.0,21/22
D'Leanu Arts,64.0,20/21
D'Leanu Arts,3381.0,19/20
D'Leanu Arts,1991.0,18/19
Dirk Proper,1598.0,24/25
Dirk Proper,3462.0,23/24
Dirk Proper,3084.0,22/23
Dirk Proper,1807.0,21/22
Dirk Proper,2750.0,19/20
Dirk Proper,4592.0,18/19
Dirk Proper,2906.0,17/18
Mees Hoedemakers,1616.0,18/19
Mees Hoedemakers,4270.0,16/17
Mees Hoedemakers,2229.0,15/16
Mees Hoedemakers,138.0,14/15
Lasse Schöne,1079.0,20/21
Lasse Schöne,2648.0,19/20
Lasse Schöne,5006.0,18/19
Lasse Schöne,3620.0,17/18
Lasse Schöne,4424.0,16/17
Lasse Schöne,1855.0,15/16
Lasse Schöne,3186.0,14/15
Lasse Schöne,3122.0,13/14
Lasse Schöne,3465.0,12/13
Kodai Sano,2674.0,22/23
Kodai Sano,1796.0,21/22
Omar Jamil,2366.0,24/25
Omar Jamil,3553.0,23/24
Omar Jamil,1484.0,22/23
Omar Jamil,1702.0,21/22
Sami Ouaissa,3651.0,22/23
Sami Ouaissa,2214.0,21/22
Argyris Darelas,73.0,24/25
Argyris Darelas,2597.0,23/24
Argyris Darelas,1408.0,22/23
Kas de Wit,998.0,23/24
Kas de Wit,2646.0,22/23
Kas de Wit,1482.0,21/22
Kas de Wit,2495.0,18/19
Başar Önal,1360.0,24/25
Başar Önal,2956.0,23/24
Başar Önal,3212.0,22/23
Başar Önal,1683.0,21/22
Luc Nieuwenhuijs,1840.0,24/25
Luc Nieuwenhuijs,4179.0,23/24
Luc Nieuwenhuijs,184.0,22/23
Sontje Hansen,1377.0,24/25
Sontje Hansen,2327.0,23/24
Sontje Hansen,1174.0,21/22
Sontje Hansen,2389.0,19/20
Sontje Hansen,6062.0,18/19
Sontje Hansen,3832.0,17/18
Sontje Hansen,253.0,16/17
Vito van Crooij,3318.0,16/17
Vito van Crooij,2944.0,15/16
Vito van Crooij,3210.0,14/15
Vito van Crooij,1575.0,13/14
Olden Larsen,40.0,24/25
Olden Larsen,1692.0,19/20
Olden Larsen,2589.0,18/19
Olden Larsen,2693.0,17/18
Koki Ogawa,3006.0,23/24
Koki Ogawa,1281.0,22/23
Koki Ogawa,3445.0,21/22
Koki Ogawa,2097.0,19/20
Koki Ogawa,2043.0,18/19
Koki Ogawa,1177.0,17/18
Koki Ogawa,738.0,16/17
Koki Ogawa,377.0,15/16
Kento Shiogai,685.0,23/24
Bryan Linssen,1693.0,23/24
Bryan Linssen,4381.0,21/22
Bryan Linssen,3087.0,20/21
Bryan Linssen,3693.0,18/19
Bryan Linssen,4176.0,17/18
Bryan Linssen,3087.0,15/16
Bryan Linssen,2930.0,14/15
Jasper Schendelaar,3342.0,22/23
Jasper Schendelaar,2520.0,21/22
Jasper Schendelaar,810.0,19/20
Jasper Schendelaar,2385.0,18/19
Jasper Schendelaar,5130.0,17/18
Jasper Schendelaar,3109.0,16/17
Jasper Schendelaar,1256.0,15/16
Mike Hauptmeijer,360.0,21/22
Mike Hauptmeijer,180.0,20/21
Mike Hauptmeijer,1800.0,18/19
Mike Hauptmeijer,3766.0,15/16
Mike Hauptmeijer,1350.0,14/15
Mike Hauptmeijer,1080.0,13/14
Kenneth Vermeer,90.0,21/22
Kenneth Vermeer,3370.0,20/21
Kenneth Vermeer,5220.0,19/20
Kenneth Vermeer,2141.0,18/19
Kenneth Vermeer,990.0,17/18
Kenneth Vermeer,450.0,16/17
Kenneth Vermeer,3660.0,15/16
Kenneth Vermeer,4800.0,14/15
Kenneth Vermeer,1755.0,13/14
Kenneth Vermeer,3933.0,12/13
Duke Verduin,2162.0,24/25
Duke Verduin,1812.0,23/24
Duke Verduin,3028.0,22/23
Simon Graves,1331.0,24/25
Simon Graves,2334.0,21/22
Simon Graves,2574.0,20/21
Simon Graves,1364.0,18/19
Simon Graves,1897.0,17/18
Anselmo García MacNulty,3385.0,23/24
Anselmo García MacNulty,3538.0,22/23
Anselmo García MacNulty,2145.0,21/22
Anselmo García MacNulty,716.0,20/21
Anselmo García MacNulty,3670.0,19/20
Damian van der Haar,940.0,23/24
Damian van der Haar,2053.0,22/23
Damian van der Haar,360.0,21/22
Damian van der Haar,450.0,20/21
Damian van der Haar,360.0,19/20
Olivier Aertssen,2043.0,23/24
Olivier Aertssen,3241.0,22/23
Olivier Aertssen,3817.0,21/22
Olivier Aertssen,810.0,20/21
Olivier Aertssen,1724.0,19/20
Thierry Lutonda,717.0,23/24
Thierry Lutonda,543.0,18/19
Thierry Lutonda,425.0,17/18
Tristan Gooijer,26.0,24/25
Tristan Gooijer,2770.0,23/24
Tristan Gooijer,2107.0,22/23
Tristan Gooijer,3380.0,21/22
Tristan Gooijer,450.0,20/21
Tristan Gooijer,545.0,19/20
Tristan Gooijer,0.0,18/19
Sherel Floranus,1725.0,24/25
Sherel Floranus,3052.0,23/24
Sherel Floranus,1051.0,22/23
Sherel Floranus,2688.0,19/20
Sherel Floranus,2128.0,18/19
Sherel Floranus,2693.0,17/18
Sherel Floranus,3385.0,16/17
Sherel Floranus,1864.0,15/16
Eliano Reijnders,2212.0,23/24
Eliano Reijnders,1544.0,19/20
Eliano Reijnders,1382.0,18/19
Eliano Reijnders,3694.0,17/18
Anouar El Azzouzi,618.0,20/21
Anouar El Azzouzi,1012.0,19/20
Anouar El Azzouzi,3429.0,18/19
Anouar El Azzouzi,1846.0,17/18
Nick Fichtinger,2216.0,23/24
Nick Fichtinger,3558.0,22/23
Nick Fichtinger,2590.0,21/22
Nick Fichtinger,79.0,20/21
Filip Krastev,1708.0,24/25
Filip Krastev,1214.0,23/24
Filip Krastev,5395.0,22/23
Filip Krastev,2462.0,21/22
Filip Krastev,1595.0,20/21
Filip Krastev,2011.0,19/20
Filip Krastev,694.0,18/19
Filip Krastev,75.0,17/18
Davy van den Berg,1100.0,20/21
Davy van den Berg,792.0,18/19
Davy van den Berg,811.0,17/18
Davy van den Berg,1110.0,16/17
Jamiro Monteiro,1949.0,24/25
Jamiro Monteiro,1530.0,23/24
Jamiro Monteiro,4564.0,22/23
Jamiro Monteiro,6158.0,21/22
Jamiro Monteiro,5235.0,20/21
Jamiro Monteiro,5217.0,19/20
Jamiro Monteiro,4755.0,18/19
Jamiro Monteiro,3211.0,17/18
Jamiro Monteiro,3630.0,16/17
Jamiro Monteiro,2378.0,15/16
Ryan Thomas,342.0,23/24
Ryan Thomas,285.0,21/22
Ryan Thomas,1798.0,20/21
Ryan Thomas,1078.0,19/20
Ryan Thomas,3268.0,17/18
Ryan Thomas,2747.0,16/17
Ryan Thomas,1359.0,15/16
Ryan Thomas,3167.0,14/15
Ryan Thomas,2186.0,13/14
Ryan Thomas,1352.0,12/13
Teun Gijselhart,1376.0,24/25
Teun Gijselhart,3895.0,23/24
Teun Gijselhart,554.0,22/23
Teun Gijselhart,1896.0,21/22
Odysseus Velanas,1642.0,20/21
Odysseus Velanas,2239.0,19/20
Odysseus Velanas,1602.0,17/18
Odysseus Velanas,2947.0,16/17
Odysseus Velanas,4723.0,15/16
Odysseus Velanas,870.0,14/15
Samir Lagsir,992.0,22/23
Samir Lagsir,410.0,21/22
Samir Lagsir,571.0,20/21
Samir Lagsir,3201.0,19/20
Samir Lagsir,760.0,18/19
Younes Namli,559.0,24/25
Younes Namli,1754.0,22/23
Younes Namli,1088.0,20/21
Younes Namli,3835.0,19/20
Younes Namli,441.0,15/16
Younes Namli,2424.0,14/15
Dylan Mbayo,1540.0,24/25
Dylan Mbayo,1492.0,21/22
Dylan Mbayo,182.0,20/21
Dylan Mbayo,602.0,19/20
Dylan Mbayo,449.0,18/19
Kaj de Rooij,2377.0,20/21
Kaj de Rooij,528.0,17/18
Dylan Vente,2808.0,24/25
Dylan Vente,4856.0,23/24
Dylan Vente,1567.0,20/21
Dylan Vente,1448.0,19/20
Dylan Vente,1880.0,18/19
Dylan Vente,2743.0,17/18
Dylan Vente,4935.0,16/17
Dylan Vente,1769.0,15/16
Thomas Buitink,2000.0,21/22
Thomas Buitink,1092.0,20/21
Thomas Buitink,1579.0,19/20
Thomas Buitink,1744.0,18/19
Thomas Buitink,3527.0,17/18
Thomas Buitink,2648.0,16/17
Thomas Buitink,1136.0,15/16
Walter Benítez,4585.0,23/24
Walter Benítez,4830.0,22/23
Walter Benítez,4500.0,20/21
Walter Benítez,3330.0,17/18
Walter Benítez,934.0,16/17
Walter Benítez,1260.0,15/16
Walter Benítez,6302.0,14/15
Walter Benítez,540.0,13/14
Walter Benítez,270.0,12/13
Joël Drommel,540.0,23/24
Joël Drommel,1110.0,22/23
Joël Drommel,5670.0,21/22
Joël Drommel,3060.0,20/21
Joël Drommel,2370.0,17/18
Joël Drommel,1350.0,16/17
Joël Drommel,1589.0,15/16
Joël Drommel,2980.0,14/15
Niek Schiks,1454.0,24/25
Niek Schiks,2463.0,23/24
Niek Schiks,1620.0,22/23
Niek Schiks,3510.0,21/22
Niek Schiks,540.0,20/21
Niek Schiks,0.0,19/20
Olivier Boscagli,2732.0,24/25
Olivier Boscagli,4428.0,23/24
Olivier Boscagli,220.0,22/23
Olivier Boscagli,5049.0,21/22
Olivier Boscagli,4258.0,20/21
Olivier Boscagli,1566.0,19/20
Olivier Boscagli,1269.0,18/19
Olivier Boscagli,3263.0,17/18
Olivier Boscagli,2669.0,16/17
Olivier Boscagli,3363.0,15/16
Olivier Boscagli,444.0,14/15
Ryan Flamingo,3360.0,24/25
Ryan Flamingo,3678.0,23/24
Ryan Flamingo,3455.0,21/22
Ryan Flamingo,3092.0,20/21
Ryan Flamingo,3246.0,19/20
Ryan Flamingo,1723.0,18/19
Ryan Flamingo,360.0,17/18
Adamo Nagalo,236.0,24/25
Adamo Nagalo,5240.0,23/24
Adamo Nagalo,2927.0,22/23
Adamo Nagalo,2674.0,21/22
Adamo Nagalo,752.0,20/21
Armando Obispo,643.0,24/25
Armando Obispo,253.0,23/24
Armando Obispo,3198.0,22/23
Armando Obispo,2147.0,21/22
Armando Obispo,428.0,20/21
Armando Obispo,2854.0,19/20
Armando Obispo,1949.0,18/19
Armando Obispo,2399.0,17/18
Armando Obispo,4793.0,16/17
Armando Obispo,780.0,14/15
Tyrell Malacia,847.0,24/25
Tyrell Malacia,3607.0,22/23
Tyrell Malacia,6031.0,21/22
Tyrell Malacia,3315.0,20/21
Tyrell Malacia,2445.0,19/20
Tyrell Malacia,2376.0,18/19
Tyrell Malacia,3569.0,17/18
Tyrell Malacia,4852.0,16/17
Tyrell Malacia,1846.0,15/16
Mauro Júnior,2176.0,24/25
Mauro Júnior,1109.0,23/24
Mauro Júnior,386.0,22/23
Mauro Júnior,3776.0,21/22
Mauro Júnior,1818.0,20/21
Mauro Júnior,2436.0,19/20
Mauro Júnior,1741.0,18/19
Mauro Júnior,1910.0,17/18
Sergiño Dest,3859.0,23/24
Sergiño Dest,990.0,22/23
Sergiño Dest,2670.0,21/22
Sergiño Dest,3630.0,20/21
Sergiño Dest,3454.0,19/20
Sergiño Dest,4474.0,18/19
Sergiño Dest,3108.0,17/18
Sergiño Dest,3128.0,16/17
Rick Karsdorp,1037.0,24/25
Rick Karsdorp,2290.0,23/24
Rick Karsdorp,1269.0,22/23
Rick Karsdorp,5099.0,21/22
Rick Karsdorp,4034.0,20/21
Rick Karsdorp,2267.0,19/20
Rick Karsdorp,82.0,17/18
Rick Karsdorp,4392.0,16/17
Rick Karsdorp,3153.0,15/16
Rick Karsdorp,2683.0,14/15
Rick Karsdorp,4734.0,13/14
Rick Karsdorp,2677.0,12/13
Richard Ledezma,5.0,23/24
Richard Ledezma,3355.0,22/23
Richard Ledezma,448.0,21/22
Richard Ledezma,840.0,20/21
Richard Ledezma,2060.0,19/20
Richard Ledezma,525.0,18/19
Richard Ledezma,631.0,17/18
Jerdy Schouten,2122.0,24/25
Jerdy Schouten,4120.0,23/24
Jerdy Schouten,2882.0,22/23
Jerdy Schouten,3115.0,18/19
Jerdy Schouten,607.0,15/16
Jerdy Schouten,2006.0,14/15
Joey Veerman,4198.0,23/24
Joey Veerman,5149.0,22/23
Joey Veerman,3700.0,21/22
Joey Veerman,907.0,18/19
Joey Veerman,3672.0,16/17
Joey Veerman,3965.0,15/16
Joey Veerman,96.0,14/15
Ismael Saibari,2130.0,24/25
Ismael Saibari,2117.0,23/24
Ismael Saibari,2663.0,22/23
Ismael Saibari,2029.0,21/22
Ismael Saibari,1888.0,20/21
Tygo Land,1601.0,24/25
Tygo Land,3316.0,23/24
Tygo Land,4614.0,22/23
Tygo Land,3509.0,21/22
Malik Tillman,2255.0,24/25
Malik Tillman,2557.0,23/24
Malik Tillman,5657.0,22/23
Malik Tillman,1922.0,21/22
Malik Tillman,104.0,20/21
Malik Tillman,3972.0,19/20
Malik Tillman,5180.0,18/19
Malik Tillman,4014.0,17/18
Guus Til,2464.0,24/25
Guus Til,2512.0,23/24
Guus Til,3318.0,22/23
Guus Til,5235.0,21/22
Guus Til,540.0,20/21
Guus Til,1511.0,19/20
Guus Til,3700.0,18/19
Guus Til,4004.0,17/18
Guus Til,2074.0,16/17
Guus Til,3850.0,15/16
Guus Til,1281.0,14/15
Isaac Babadi,1597.0,23/24
Isaac Babadi,2562.0,22/23
Isaac Babadi,4715.0,21/22
Isaac Babadi,788.0,20/21
Noa Lang,2027.0,24/25
Noa Lang,1369.0,23/24
Noa Lang,3129.0,22/23
Noa Lang,3788.0,21/22
Noa Lang,2852.0,20/21
Noa Lang,2086.0,19/20
Noa Lang,2267.0,18/19
Noa Lang,1743.0,17/18
Noa Lang,4190.0,16/17
Noa Lang,2394.0,15/16
Couhaib Driouech,2643.0,23/24
Couhaib Driouech,2647.0,22/23
Couhaib Driouech,1646.0,21/22
Couhaib Driouech,3095.0,19/20
Couhaib Driouech,2104.0,18/19
Couhaib Driouech,170.0,17/18
Ivan Perisic,2086.0,24/25
Ivan Perisic,708.0,23/24
Ivan Perisic,3710.0,22/23
Ivan Perisic,4686.0,21/22
Ivan Perisic,3898.0,20/21
Ivan Perisic,1847.0,19/20
Ivan Perisic,5047.0,18/19
Ivan Perisic,4554.0,17/18
Ivan Perisic,4139.0,16/17
Ivan Perisic,3708.0,15/16
Ivan Perisic,3705.0,14/15
Ivan Perisic,3315.0,13/14
Ivan Perisic,1973.0,12/13
Johan Bakayoko,2491.0,24/25
Johan Bakayoko,4262.0,23/24
Johan Bakayoko,3358.0,22/23
Johan Bakayoko,3167.0,21/22
Johan Bakayoko,1550.0,20/21
Johan Bakayoko,2122.0,19/20
Esmir Bajraktarević,324.0,24/25
Esmir Bajraktarević,4734.0,23/24
Esmir Bajraktarević,1772.0,22/23
Esmir Bajraktarević,1403.0,21/22
Esmir Bajraktarević,910.0,20/21
Ricardo Pepi,1397.0,24/25
Ricardo Pepi,1294.0,23/24
Ricardo Pepi,2921.0,22/23
Ricardo Pepi,475.0,21/22
Ricardo Pepi,4906.0,20/21
Ricardo Pepi,1191.0,19/20
Ricardo Pepi,3181.0,18/19
Luuk de Jong,4261.0,23/24
Luuk de Jong,3480.0,22/23
Luuk de Jong,1042.0,21/22
Luuk de Jong,2763.0,20/21
Luuk de Jong,3112.0,19/20
Luuk de Jong,4266.0,18/19
Luuk de Jong,2639.0,17/18
Luuk de Jong,3409.0,16/17
Luuk de Jong,3963.0,15/16
Luuk de Jong,4880.0,14/15
Luuk de Jong,3232.0,12/13
Lucas Pérez,5674.0,23/24
Lucas Pérez,4348.0,22/23
Lucas Pérez,2962.0,17/18
Lucas Pérez,3516.0,15/16
Lucas Pérez,4441.0,13/14
Yanick van Osch,270.0,19/20
Yanick van Osch,1350.0,18/19
Yanick van Osch,1620.0,17/18
Yanick van Osch,1003.0,16/17
Yanick van Osch,5610.0,15/16
Yanick van Osch,3973.0,14/15
Yanick van Osch,1040.0,13/14
Jeroen Houwen,322.0,23/24
Jeroen Houwen,3054.0,21/22
Jeroen Houwen,270.0,20/21
Jeroen Houwen,540.0,19/20
Jeroen Houwen,1800.0,17/18
Jeroen Houwen,720.0,15/16
Jeroen Houwen,2790.0,14/15
Jeroen Houwen,900.0,13/14
Jeroen Houwen,2470.0,12/13
Spenkelink,300.0,19/20
Joey Kesting,360.0,21/22
Joey Kesting,540.0,20/21
Joey Kesting,2724.0,19/20
Joey Kesting,3780.0,18/19
Joey Kesting,1020.0,17/18
Luuk Vogels,0.0,24/25
Dario Van den Buijs,1884.0,22/23
Dario Van den Buijs,2137.0,19/20
Dario Van den Buijs,0.0,14/15
Roshon van Eijma,2119.0,24/25
Roshon van Eijma,3677.0,23/24
Roshon van Eijma,2990.0,22/23
Roshon van Eijma,1773.0,21/22
Roshon van Eijma,681.0,20/21
Roshon van Eijma,1696.0,19/20
Roshon van Eijma,1665.0,18/19
Roshon van Eijma,1135.0,17/18
Roshon van Eijma,557.0,16/17
Roshon van Eijma,712.0,15/16
Juan Familia-Castillo,294.0,22/23
Juan Familia-Castillo,1466.0,20/21
Juan Familia-Castillo,2789.0,19/20
Juan Familia-Castillo,3649.0,18/19
Juan Familia-Castillo,3363.0,17/18
Juan Familia-Castillo,2847.0,16/17
Juan Familia-Castillo,2729.0,15/16
Luuk Wouters,2253.0,17/18
Luuk Wouters,1402.0,16/17
Julian Lelieveld,3306.0,20/21
Julian Lelieveld,2199.0,17/18
Julian Lelieveld,2619.0,16/17
Julian Lelieveld,4903.0,15/16
Julian Lelieveld,2108.0,14/15
Julian Lelieveld,0.0,13/14
Liam van Gelderen,2538.0,24/25
Liam van Gelderen,590.0,23/24
Liam van Gelderen,1944.0,21/22
Liam van Gelderen,2443.0,19/20
Liam van Gelderen,4877.0,18/19
Liam van Gelderen,5169.0,17/18
Liam van Gelderen,2966.0,16/17
Faissal Al Mazyani,950.0,24/25
Faissal Al Mazyani,2508.0,23/24
Faissal Al Mazyani,2661.0,22/23
Godfried Roemeratoe,1601.0,24/25
Godfried Roemeratoe,2930.0,23/24
Godfried Roemeratoe,1596.0,22/23
Godfried Roemeratoe,1646.0,19/20
Godfried Roemeratoe,784.0,18/19
Godfried Roemeratoe,2471.0,17/18
Godfried Roemeratoe,2802.0,16/17
Kevin Felida,435.0,24/25
Kevin Felida,1363.0,23/24
Kevin Felida,241.0,22/23
Kevin Felida,3004.0,20/21
Kevin Felida,711.0,17/18
Kevin Felida,285.0,16/17
Yassin Oukili,3010.0,23/24
Yassin Oukili,2028.0,22/23
Yassin Oukili,758.0,20/21
Yassin Oukili,3286.0,19/20
Yassin Oukili,3442.0,18/19
Yassin Oukili,2026.0,17/18
Yassin Oukili,170.0,16/17
Daouda Weidmann,2732.0,22/23
Daouda Weidmann,2557.0,21/22
Patrick Vroegh,1164.0,21/22
Patrick Vroegh,4880.0,17/18
Patrick Vroegh,3795.0,16/17
Patrick Vroegh,180.0,15/16
Chris Lokesa,2199.0,23/24
Richard van der Venne,1457.0,21/22
Mohamed Ihattaren,276.0,21/22
Mohamed Ihattaren,1946.0,20/21
Mohamed Ihattaren,3393.0,19/20
Mohamed Ihattaren,3318.0,18/19
Mohamed Ihattaren,3781.0,17/18
Mohamed Ihattaren,246.0,16/17
Ilias Takidine,84.0,23/24
Ilias Takidine,757.0,22/23
Ilias Takidine,346.0,19/20
Alexander Jakobsen,332.0,23/24
Alexander Jakobsen,389.0,21/22
Alexander Jakobsen,1452.0,20/21
Alexander Jakobsen,253.0,19/20
Alexander Jakobsen,773.0,18/19
Alexander Jakobsen,1125.0,17/18
Alexander Jakobsen,2693.0,16/17
Alexander Jakobsen,2340.0,14/15
Alexander Jakobsen,399.0,13/14
Alexander Jakobsen,1087.0,12/13
Denilho Cleonise,231.0,22/23
Denilho Cleonise,249.0,20/21
Denilho Cleonise,971.0,19/20
Denilho Cleonise,1569.0,18/19
Denilho Cleonise,223.0,17/18
Silvester van der Water,1160.0,23/24
Silvester van der Water,119.0,21/22
Silvester van der Water,3315.0,20/21
Silvester van der Water,2056.0,19/20
Silvester van der Water,1516.0,18/19
Silvester van der Water,931.0,15/16
Oskar Zawada,661.0,23/24
Oskar Zawada,2363.0,22/23
Oskar Zawada,1348.0,21/22
Oskar Zawada,834.0,20/21
Oskar Zawada,2035.0,19/20
Oskar Zawada,2181.0,18/19
Oskar Zawada,1090.0,17/18
Oskar Zawada,1580.0,16/17
Oskar Zawada,789.0,15/16
Oskar Zawada,3751.0,14/15
Oskar Zawada,3378.0,13/14
Oskar Zawada,4998.0,12/13
Richonell Margaret,1662.0,18/19
Richonell Margaret,625.0,17/18
Richonell Margaret,1268.0,16/17
Michiel Kramer,677.0,19/20
Michiel Kramer,749.0,18/19
Michiel Kramer,1171.0,16/17
Michiel Kramer,3197.0,12/13
Olij,2310.0,24/25
Olij,3360.0,22/23
Olij,2848.0,18/19
Olij,2880.0,16/17
Olij,1170.0,15/16
Olij,2914.0,13/14
Olij,1350.0,12/13
Schoonderwaldt,3150.0,18/19
Schoonderwaldt,3240.0,17/18
Reitmaier,1260.0,23/24
Reitmaier,1935.0,22/23
Reitmaier,2160.0,21/22
Eerdhuijzen,1201.0,21/22
Eerdhuijzen,3022.0,18/19
Eerdhuijzen,5063.0,17/18
Eerdhuijzen,91.0,16/17
Quintero,526.0,24/25
Quintero,3281.0,23/24
Quintero,2531.0,22/23
Quintero,1690.0,21/22
Quintero,1450.0,20/21
Quintero,1800.0,19/20
Quintero,3108.0,18/19
Meissen,1706.0,22/23
Meissen,1444.0,20/21
Meissen,3280.0,19/20
Meissen,3008.0,18/19
Young,1488.0,23/24
Young,3473.0,22/23
Young,2326.0,21/22
van Aanholt,887.0,24/25
van Aanholt,1719.0,23/24
van Aanholt,2918.0,22/23
van Aanholt,4836.0,21/22
van Aanholt,2295.0,20/21
van Aanholt,2511.0,19/20
van Aanholt,3576.0,18/19
van Aanholt,2673.0,17/18
van Aanholt,2951.0,16/17
van Aanholt,3486.0,15/16
van Aanholt,3302.0,13/14
van Aanholt,4154.0,12/13
Kleijn,3176.0,23/24
Kleijn,3411.0,22/23
Kleijn,3904.0,21/22
Kleijn,349.0,20/21
Reith,1937.0,19/20
Reith,5698.0,17/18
Reith,906.0,16/17
Reith,1120.0,15/16
Bakari,1818.0,24/25
Bakari,3554.0,23/24
Bakari,942.0,22/23
Bakari,3702.0,21/22
Bakari,2693.0,20/21
Bakari,2292.0,19/20
Bakari,1216.0,18/19
Bakari,1908.0,17/18
Zechiël,1024.0,24/25
Zechiël,2430.0,23/24
Zechiël,2796.0,22/23
Zechiël,3808.0,21/22
Zechiël,360.0,20/21
de Guzmán,35.0,24/25
de Guzmán,1512.0,22/23
de Guzmán,308.0,19/20
de Guzmán,2456.0,18/19
de Guzmán,115.0,15/16
de Guzmán,2555.0,14/15
de Guzmán,4419.0,13/14
de Guzmán,3914.0,12/13
Kitolano,2292.0,23/24
Kitolano,3723.0,22/23
Kitolano,1642.0,21/22
Kitolano,2992.0,19/20
Kitolano,2268.0,18/19
Kitolano,3088.0,17/18
Kitolano,1109.0,16/17
Eiting,1346.0,24/25
Eiting,3126.0,22/23
Eiting,1696.0,21/22
Eiting,1560.0,20/21
Eiting,1754.0,19/20
Eiting,1272.0,18/19
Eiting,2424.0,17/18
Eiting,3804.0,16/17
Eiting,6002.0,15/16
Eiting,3424.0,14/15
Clement,1646.0,17/18
Clement,2042.0,16/17
Clement,2565.0,15/16
Clement,2401.0,14/15
Clement,690.0,13/14
el Dahri,1143.0,23/24
el Dahri,4275.0,22/23
el Dahri,2462.0,21/22
Hlynsson,1018.0,24/25
Hlynsson,3534.0,23/24
Hlynsson,3492.0,22/23
Hlynsson,4191.0,21/22
Hlynsson,815.0,20/21
Hlynsson,703.0,19/20
Nassoh,3373.0,23/24
Nassoh,2587.0,22/23
Nassoh,1861.0,21/22
Nassoh,350.0,20/21
Nassoh,2670.0,19/20
Nassoh,142.0,18/19
Thórisson,2632.0,23/24
Thórisson,3822.0,22/23
Thórisson,2417.0,21/22
Thórisson,1366.0,20/21
Thórisson,892.0,19/20
Thórisson,591.0,18/19
Thórisson,3269.0,17/18
Thórisson,2028.0,16/17
Ideho,1853.0,24/25
Ideho,1406.0,20/21
van Bergen,1905.0,24/25
van Bergen,524.0,23/24
van Bergen,1553.0,21/22
van Bergen,2543.0,18/19
van Bergen,1771.0,17/18
van Bergen,1244.0,16/17
van Bergen,2123.0,15/16
Mito,1597.0,23/24
Mito,2479.0,22/23
Mito,1538.0,21/22
Oufkir,926.0,24/25
Oufkir,3260.0,23/24
Oufkir,36.0,22/23
Lauritsen,0.0,15/16
Lars Unnerstall,4042.0,24/25
Lars Unnerstall,4110.0,23/24
Lars Unnerstall,4230.0,22/23
Lars Unnerstall,360.0,20/21
Lars Unnerstall,2010.0,19/20
Lars Unnerstall,900.0,14/15
Lars Unnerstall,1620.0,13/14
Przemyslaw Tyton,512.0,24/25
Przemyslaw Tyton,180.0,23/24
Przemyslaw Tyton,90.0,22/23
Przemyslaw Tyton,2571.0,20/21
Przemyslaw Tyton,2322.0,19/20
Przemyslaw Tyton,2910.0,18/19
Przemyslaw Tyton,1125.0,16/17
Przemyslaw Tyton,3022.0,15/16
Przemyslaw Tyton,3129.0,14/15
Przemyslaw Tyton,1749.0,13/14
Przemyslaw Tyton,1875.0,12/13
Sam Karssies,2070.0,24/25
Sam Karssies,2340.0,23/24
Sam Karssies,900.0,22/23
Sam Karssies,1890.0,21/22
Sam Karssies,180.0,20/21
Sam Karssies,360.0,19/20
Mees Hilgers,2696.0,24/25
Mees Hilgers,3273.0,23/24
Mees Hilgers,2707.0,22/23
Mees Hilgers,870.0,20/21
Mees Hilgers,3825.0,19/20
Mees Hilgers,3210.0,18/19
Mees Hilgers,2142.0,17/18
Max Bruns,2677.0,24/25
Max Bruns,1189.0,23/24
Max Bruns,565.0,22/23
Max Bruns,1642.0,21/22
Max Bruns,724.0,20/21
Max Bruns,626.0,19/20
Gustaf Lagerbielke,2312.0,24/25
Gustaf Lagerbielke,1164.0,23/24
Gustaf Lagerbielke,1377.0,22/23
Gustaf Lagerbielke,1989.0,21/22
Gustaf Lagerbielke,1454.0,18/19
Gustaf Lagerbielke,309.0,17/18
Gustaf Lagerbielke,170.0,16/17
Alec Van Hoorenbeeck,1565.0,24/25
Alec Van Hoorenbeeck,686.0,23/24
Alec Van Hoorenbeeck,3510.0,20/21
Juliën Mesbahi,3020.0,24/25
Juliën Mesbahi,2845.0,23/24
Juliën Mesbahi,4958.0,22/23
Juliën Mesbahi,3829.0,21/22
Bas Kuipers,1802.0,24/25
Bas Kuipers,1906.0,22/23
Bas Kuipers,2757.0,19/20
Bas Kuipers,2316.0,15/16
Bas Kuipers,3264.0,14/15
Bas Kuipers,1831.0,12/13
Bart van Rooij,4000.0,24/25
Bart van Rooij,2459.0,23/24
Bart van Rooij,2601.0,19/20
Bart van Rooij,5028.0,18/19
Bart van Rooij,2226.0,17/18
Gerald Alders,1758.0,24/25
Gerald Alders,4165.0,23/24
Gerald Alders,4660.0,22/23
Gerald Alders,1930.0,21/22
Mathias Kjølø,1072.0,24/25
Mathias Kjølø,3219.0,23/24
Mathias Kjølø,1227.0,22/23
Mathias Kjølø,3364.0,21/22
Mathias Kjølø,2355.0,20/21
Mathias Kjølø,2372.0,19/20
Mathias Kjølø,3570.0,18/19
Mathias Kjølø,3450.0,17/18
Michal Sadílek,1830.0,24/25
Michal Sadílek,4169.0,23/24
Michal Sadílek,2320.0,22/23
Michal Sadílek,3032.0,21/22
Michal Sadílek,3360.0,20/21
Michal Sadílek,3723.0,19/20
Michal Sadílek,1932.0,18/19
Michal Sadílek,5499.0,17/18
Michal Sadílek,4977.0,16/17
Michal Sadílek,1026.0,15/16
Gijs Besselink,1015.0,24/25
Gijs Besselink,1645.0,23/24
Gijs Besselink,4380.0,22/23
Gijs Besselink,2376.0,21/22
Harrie Kuster,2640.0,24/25
Harrie Kuster,3078.0,23/24
Harrie Kuster,5136.0,22/23
Harrie Kuster,1122.0,21/22
Sem Steijn,3680.0,24/25
Sem Steijn,3136.0,23/24
Sem Steijn,1498.0,22/23
Sem Steijn,450.0,19/20
Sem Steijn,747.0,18/19
Michel Vlap,3609.0,24/25
Michel Vlap,2819.0,23/24
Michel Vlap,3199.0,22/23
Michel Vlap,2596.0,21/22
Michel Vlap,2041.0,17/18
Michel Vlap,1091.0,16/17
Michel Vlap,5625.0,15/16
Michel Vlap,3588.0,14/15
Arno Verschueren,1958.0,24/25
Arno Verschueren,1567.0,18/19
Arno Verschueren,999.0,15/16
Arno Verschueren,295.0,14/15
Younes Taha,152.0,24/25
Younes Taha,757.0,23/24
Younes Taha,2415.0,22/23
Younes Taha,1748.0,21/22
Sayfallah Ltaief,2162.0,24/25
Sayfallah Ltaief,2844.0,23/24
Sayfallah Ltaief,1352.0,22/23
Sayfallah Ltaief,1478.0,21/22
Sayfallah Ltaief,2572.0,19/20
Sayfallah Ltaief,2390.0,18/19
Sayfallah Ltaief,582.0,17/18
Naci Ünüvar,333.0,24/25
Naci Ünüvar,713.0,23/24
Naci Ünüvar,571.0,22/23
Naci Ünüvar,2905.0,21/22
Naci Ünüvar,2778.0,19/20
Naci Ünüvar,5932.0,18/19
Naci Ünüvar,935.0,17/18
Daan Rots,3075.0,24/25
Daan Rots,3601.0,23/24
Daan Rots,1221.0,22/23
Daan Rots,1947.0,19/20
Daan Rots,1009.0,18/19
Daan Rots,653.0,17/18
Taylor Booth,432.0,24/25
Taylor Booth,1360.0,23/24
Taylor Booth,2105.0,22/23
Taylor Booth,1813.0,21/22
Taylor Booth,1168.0,20/21
Taylor Booth,1954.0,19/20
Taylor Booth,1180.0,18/19
Sam Lammers,2623.0,24/25
Sam Lammers,5101.0,23/24
Sam Lammers,1114.0,21/22
Sam Lammers,697.0,19/20
Sam Lammers,2245.0,17/18
Sam Lammers,3609.0,16/17
Sam Lammers,5724.0,15/16
Sam Lammers,2660.0,14/15
Ricky van Wolfswinkel,3239.0,24/25
Ricky van Wolfswinkel,2660.0,23/24
Ricky van Wolfswinkel,3444.0,22/23
Ricky van Wolfswinkel,1682.0,20/21
Ricky van Wolfswinkel,1218.0,19/20
Ricky van Wolfswinkel,3514.0,18/19
Ricky van Wolfswinkel,2898.0,14/15
Ricky van Wolfswinkel,4336.0,12/13
Vasilios Barkas,3480.0,22/23
Vasilios Barkas,360.0,21/22
Vasilios Barkas,4050.0,20/21
Vasilios Barkas,3352.0,19/20
Vasilios Barkas,4770.0,18/19
Vasilios Barkas,1620.0,17/18
Vasilios Barkas,1980.0,16/17
Vasilios Barkas,2430.0,15/16
Vasilios Barkas,53.0,14/15
Vasilios Barkas,0.0,13/14
Vasilios Barkas,475.0,12/13
Michael Brouwer,270.0,16/17
Michael Brouwer,90.0,12/13
Tom de Graaff,1350.0,23/24
Tom de Graaff,2340.0,22/23
Tom de Graaff,2295.0,21/22
Tom de Graaff,540.0,20/21
Tom de Graaff,168.0,19/20
Kevin Gadellaa,1170.0,23/24
Kevin Gadellaa,810.0,21/22
Kevin Gadellaa,246.0,20/21
Kevin Gadellaa,180.0,18/19
Mike van der Hoorn,2515.0,19/20
Mike van der Hoorn,4426.0,18/19
Mike van der Hoorn,1812.0,15/16
Mike van der Hoorn,2090.0,14/15
Mike van der Hoorn,2174.0,13/14
Mike van der Hoorn,3615.0,12/13
Matisse Didden,2703.0,22/23
Nick Viergever,2171.0,21/22
Nick Viergever,1693.0,20/21
Nick Viergever,4418.0,19/20
Nick Viergever,3973.0,18/19
Nick Viergever,2038.0,17/18
Nick Viergever,4956.0,16/17
Nick Viergever,1970.0,15/16
Nick Viergever,3386.0,14/15
Nick Viergever,6104.0,13/14
Nick Viergever,3712.0,12/13
Joshua Mukeh,2327.0,21/22
Joshua Mukeh,892.0,20/21
Joshua Mukeh,2946.0,19/20
Souffian El Karouani,2669.0,21/22
Souffian El Karouani,1447.0,19/20
Souffian El Karouani,2784.0,18/19
Souffian El Karouani,3728.0,17/18
Kolbeinn Finnsson,843.0,24/25
Kolbeinn Finnsson,3240.0,23/24
Kolbeinn Finnsson,2546.0,22/23
Kolbeinn Finnsson,1570.0,20/21
Kolbeinn Finnsson,1789.0,19/20
Kolbeinn Finnsson,1670.0,18/19
Kolbeinn Finnsson,2716.0,17/18
Kolbeinn Finnsson,4320.0,16/17
Kolbeinn Finnsson,612.0,15/16
Kolbeinn Finnsson,906.0,14/15
Siebe Horemans,1954.0,18/19
Siebe Horemans,76.0,17/18
Siebe Horemans,1347.0,16/17
Siebe Horemans,585.0,15/16
Niklas Vesterlund,1823.0,19/20
Niklas Vesterlund,2814.0,18/19
Niklas Vesterlund,2314.0,17/18
Niklas Vesterlund,1526.0,16/17
Alonzo Engwanda,2608.0,22/23
Paxten Aaronson,2401.0,23/24
Paxten Aaronson,530.0,22/23
Paxten Aaronson,2222.0,21/22
Paxten Aaronson,1257.0,20/21
Paxten Aaronson,1846.0,19/20
Can Bozdogan,1429.0,21/22
Can Bozdogan,867.0,20/21
Can Bozdogan,2681.0,19/20
Can Bozdogan,3582.0,18/19
Can Bozdogan,3865.0,17/18
Can Bozdogan,240.0,16/17
Oscar Fraulo,1259.0,24/25
Oscar Fraulo,3021.0,23/24
Oscar Fraulo,1644.0,22/23
Oscar Fraulo,3095.0,21/22
Oscar Fraulo,538.0,19/20
Zidane Iqbal,1370.0,24/25
Zidane Iqbal,1144.0,23/24
Zidane Iqbal,1358.0,22/23
Zidane Iqbal,1841.0,21/22
Zidane Iqbal,840.0,20/21
Zidane Iqbal,186.0,19/20
Victor Jensen,3546.0,21/22
Victor Jensen,2342.0,20/21
Victor Jensen,900.0,19/20
Victor Jensen,3272.0,18/19
Victor Jensen,3186.0,17/18
Victor Jensen,1660.0,16/17
Jens Toornstra,4325.0,21/22
Jens Toornstra,4072.0,20/21
Jens Toornstra,3016.0,19/20
Jens Toornstra,3133.0,18/19
Jens Toornstra,4170.0,16/17
Jens Toornstra,2220.0,15/16
Jens Toornstra,3982.0,14/15
Jens Toornstra,3794.0,13/14
Jens Toornstra,3545.0,12/13
Yoann Cathline,1935.0,23/24
Yoann Cathline,1707.0,22/23
Yoann Cathline,1701.0,21/22
Yoann Cathline,166.0,20/21
Adrian Blake,2131.0,23/24
Adrian Blake,522.0,22/23
Miguel Rodríguez,4180.0,22/23
Miguel Rodríguez,4049.0,21/22
Miguel Rodríguez,701.0,20/21
Miguel Rodríguez,432.0,19/20
Miliano Jonathans,479.0,23/24
Miliano Jonathans,1447.0,22/23
Miliano Jonathans,2778.0,21/22
Noah Ohio,831.0,24/25
Noah Ohio,1167.0,23/24
Noah Ohio,1615.0,22/23
Noah Ohio,1392.0,21/22
Noah Ohio,797.0,20/21
Noah Ohio,1324.0,19/20
Noah Ohio,652.0,18/19
Sébastien Haller,1115.0,23/24
Sébastien Haller,4293.0,21/22
Sébastien Haller,3253.0,20/21
Sébastien Haller,2961.0,19/20
Sébastien Haller,3896.0,18/19
Sébastien Haller,3576.0,16/17
Sébastien Haller,4401.0,15/16
Sébastien Haller,1951.0,14/15
Sébastien Haller,1873.0,13/14
Sébastien Haller,1117.0,12/13
David Min,2309.0,22/23
David Min,709.0,18/19
Anthony Descotte,233.0,23/24
Anthony Descotte,1280.0,22/23
Anthony Descotte,648.0,21/22
Anthony Descotte,14.0,20/21
Anthony Descotte,206.0,19/20
Thomas Didillon-Hödl,90.0,22/23
Thomas Didillon-Hödl,2610.0,21/22
Thomas Didillon-Hödl,2700.0,20/21
Thomas Didillon-Hödl,4500.0,18/19
Thomas Didillon-Hödl,900.0,17/18
Thomas Didillon-Hödl,2970.0,16/17
Thomas Didillon-Hödl,2970.0,15/16
Thomas Didillon-Hödl,2880.0,14/15
Thomas Didillon-Hödl,180.0,13/14
Connor van den Berg,1350.0,22/23
Connor van den Berg,343.0,21/22
Connor van den Berg,0.0,20/21
Connor van den Berg,810.0,19/20
Connor van den Berg,2108.0,18/19
Maarten Schut,360.0,24/25
Maarten Schut,2430.0,22/23
Maarten Schut,2520.0,21/22
Maarten Schut,270.0,20/21
Tommy St. Jago,594.0,21/22
Tommy St. Jago,1785.0,19/20
Tommy St. Jago,2392.0,18/19
Tommy St. Jago,2732.0,17/18
Tommy St. Jago,2561.0,16/17
Tommy St. Jago,170.0,15/16
Erik Schouten,81.0,18/19
Erik Schouten,1452.0,12/13
Miodrag Pivas,525.0,24/25
Miodrag Pivas,3621.0,23/24
Miodrag Pivas,933.0,21/22
Jens Mathijsen,1444.0,24/25
Jens Mathijsen,4391.0,23/24
Rúnar Thór Sigurgeirsson,1381.0,22/23
Rúnar Thór Sigurgeirsson,1870.0,21/22
Rúnar Thór Sigurgeirsson,933.0,20/21
Rúnar Thór Sigurgeirsson,1961.0,19/20
Rúnar Thór Sigurgeirsson,1448.0,18/19
Rúnar Thór Sigurgeirsson,194.0,17/18
Rúnar Thór Sigurgeirsson,0.0,16/17
Rob Nizet,1405.0,23/24
Rob Nizet,1271.0,22/23
Rob Nizet,2743.0,21/22
Rob Nizet,1752.0,19/20
Mickaël Tirpan,1541.0,23/24
Mickaël Tirpan,856.0,15/16
Boris Lambert,1790.0,23/24
Amine Lachkar,3113.0,22/23
Amine Lachkar,2757.0,21/22
Jesse Bosch,1399.0,18/19
Jesse Bosch,4259.0,17/18
Dennis Kaygın,1178.0,24/25
Dennis Kaygın,1844.0,23/24
Dennis Kaygın,3395.0,22/23
Dennis Kaygın,2887.0,21/22
Dennis Kaygın,640.0,20/21
Ringo Meerveld,2269.0,22/23
Ringo Meerveld,1392.0,18/19
Cisse Sandra,2028.0,23/24
Cisse Sandra,1216.0,22/23
Cisse Sandra,1462.0,21/22
Cisse Sandra,166.0,19/20
Dani Mathieu,967.0,22/23
Dani Mathieu,620.0,21/22
Amar Fatah,667.0,24/25
Amar Fatah,738.0,23/24
Amar Fatah,2457.0,22/23
Amar Fatah,860.0,21/22
Patrick Joosten,1279.0,22/23
Patrick Joosten,1115.0,19/20
Patrick Joosten,1557.0,16/17
Patrick Joosten,1972.0,15/16
Patrick Joosten,1234.0,14/15
Patrick Joosten,193.0,13/14
Nick Doodeman,1107.0,22/23
Nick Doodeman,3193.0,17/18
Nick Doodeman,3143.0,14/15
Nick Doodeman,1022.0,13/14
Per van Loon,1503.0,24/25
Per van Loon,1326.0,22/23
Per van Loon,365.0,21/22
Kyan Vaesen,681.0,23/24
Kyan Vaesen,1693.0,22/23
Kyan Vaesen,365.0,19/20
Youssuf Sylla,2163.0,23/24
Youssuf Sylla,79.0,20/21
Youssuf Sylla,356.0,19/20
Youssuf Sylla,37.0,18/19
Emilio Kehrer,1295.0,23/24
Emilio Kehrer,374.0,22/23
Emilio Kehrer,1915.0,21/22
Emilio Kehrer,2344.0,20/21
Emilio Kehrer,2053.0,19/20
Emilio Kehrer,1337.0,17/18
Jeremy Bokila,1921.0,20/21
Jeremy Bokila,923.0,19/20
Jeremy Bokila,1040.0,18/19
Jeremy Bokila,714.0,17/18
Jeremy Bokila,1968.0,16/17
Jeremy Bokila,694.0,15/16
Jeremy Bokila,3427.0,14/15
Jeremy Bokila,1024.0,13/14
